CustomerID,TotalRevenue,TotalOrders,AverageOrderValue,CLV,Segment
12346,77183.6,1,77183.6,77183.6,Hibernating
12347,4310.0,7,615.7142857142857,4310.0,Champions
12348,1797.24,4,449.31,1797.24,Can't Lose Them
12349,1757.55,1,1757.55,1757.55,Hibernating
12350,334.4,1,334.4,334.4,Lost Customers
12352,2506.04,8,313.255,2506.04,Loyal Customers
12353,89.0,1,89.0,89.0,Lost Customers
12354,1079.4,1,1079.4,1079.4,Hibernating
12355,459.4,1,459.4,459.4,Lost Customers
12356,2811.43,3,937.1433333333333,2811.43,Loyal Customers
12357,6207.67,1,6207.67,6207.67,Hibernating
12358,1168.06,2,584.03,1168.06,Potential Loyalists
12359,6372.58,4,1593.145,6372.58,Loyal Customers
12360,2662.06,3,887.3533333333334,2662.06,Loyal Customers
12361,189.9,1,189.9,189.9,Lost Customers
12362,5226.23,10,522.6229999999999,5226.23,Champions
12363,552.0,2,276.0,552.0,Hibernating
12364,1313.1,4,328.275,1313.1,Champions
12365,641.38,2,320.69,641.38,Hibernating
12367,168.9,1,168.9,168.9,New Customers
12370,3545.69,4,886.4225,3545.69,Loyal Customers
12371,1887.96,2,943.98,1887.96,Hibernating
12372,1298.04,3,432.68,1298.04,Loyal Customers
12373,364.6,1,364.6,364.6,Lost Customers
12374,742.9300000000001,1,742.9300000000001,742.9300000000001,Hibernating
12375,457.5,2,228.75,457.5,Potential Loyalists
12377,1628.12,2,814.06,1628.12,Hibernating
12378,4008.62,1,4008.62,4008.62,Hibernating
12379,852.24,2,426.12,852.24,Hibernating
12380,2724.81,4,681.2025,2724.81,Champions
12381,1845.31,5,369.062,1845.31,Champions
12383,1850.56,5,370.11199999999997,1850.56,Can't Lose Them
12384,585.27,2,292.635,585.27,Potential Loyalists
12386,401.9,2,200.95,401.9,Lost Customers
12388,2780.66,6,463.4433333333333,2780.66,Champions
12390,549.84,1,549.84,549.84,Hibernating
12391,460.89,1,460.89,460.89,Hibernating
12393,1582.6000000000001,4,395.65000000000003,1582.6000000000001,Loyal Customers
12394,1272.48,2,636.24,1272.48,Hibernating
12395,3018.63,12,251.5525,3018.63,Champions
12397,2409.9,2,1204.95,2409.9,Hibernating
12398,1635.6599999999999,1,1635.6599999999999,1635.6599999999999,Hibernating
12399,1108.65,4,277.1625,1108.65,Can't Lose Them
12401,84.3,1,84.3,84.3,Lost Customers
12402,225.6,1,225.6,225.6,Lost Customers
12403,427.7,1,427.7,427.7,Hibernating
12405,1710.39,1,1710.39,1710.39,Hibernating
12406,3415.3,2,1707.65,3415.3,Potential Loyalists
12407,1708.1200000000001,5,341.624,1708.1200000000001,Loyal Customers
12408,2888.55,5,577.71,2888.55,Champions
12409,11072.67,3,3690.89,11072.67,At Risk
12410,693.3299999999999,2,346.66499999999996,693.3299999999999,Hibernating
12412,1226.88,3,408.96000000000004,1226.88,At Risk
12413,758.1,3,252.70000000000002,758.1,Loyal Customers
12414,562.41,3,187.47,562.41,At Risk
12415,124914.53,21,5948.310952380953,124914.53,Champions
12417,3649.1,9,405.4555555555555,3649.0999999999995,Champions
12418,668.58,1,668.58,668.58,Hibernating
12420,600.39,1,600.39,600.39,Hibernating
12421,807.04,4,201.76,807.04,Loyal Customers
12422,803.5600000000001,3,267.85333333333335,803.5600000000001,At Risk
12423,1859.31,8,232.41375,1859.31,Champions
12424,1760.96,2,880.48,1760.96,Hibernating
12425,777.2,1,777.2,777.2,Hibernating
12426,582.73,1,582.73,582.73,Hibernating
12427,825.8,3,275.26666666666665,825.8,Loyal Customers
12428,7956.46,9,884.0511111111111,7956.46,Champions
12429,3750.4,4,937.6,3750.4,Champions
12430,256.4,1,256.4,256.4,Hibernating
12431,6487.45,15,432.49666666666667,6487.45,Loyal Customers
12432,5059.32,5,1011.8639999999999,5059.32,Loyal Customers
12433,13375.87,7,1910.8385714285716,13375.87,Champions
12434,806.14,2,403.07,806.14,Hibernating
12435,7829.89,2,3914.945,7829.89,Hibernating
12436,509.01,1,509.01,509.01,Hibernating
12437,4951.41,18,275.0783333333333,4951.41,Champions
12438,2906.85,2,1453.425,2906.85,Potential Loyalists
12441,173.55,1,173.55,173.55,Lost Customers
12442,172.06,1,172.06,172.06,New Customers
12444,5005.46,5,1001.092,5005.46,Champions
12445,133.4,1,133.4,133.4,Hibernating
12446,1002.3100000000001,1,1002.3100000000001,1002.3100000000001,Hibernating
12447,476.49,1,476.49,476.49,Lost Customers
12448,449.45,1,449.45,449.45,Hibernating
12449,4067.29,4,1016.8225,4067.29,Champions
12450,197.88,2,98.94,197.88,Lost Customers
12451,9035.52,5,1807.104,9035.52,Champions
12452,430.57,2,215.285,430.57,Potential Loyalists
12453,707.09,1,707.09,707.09,Hibernating
12454,3528.34,1,3528.34,3528.34,Hibernating
12455,2466.86,6,411.1433333333334,2466.86,Can't Lose Them
12456,3181.04,3,1060.3466666666666,3181.04,Loyal Customers
12457,2363.23,7,337.6042857142857,2363.23,Loyal Customers
12458,947.4,2,473.7,947.4,Hibernating
12461,826.88,2,413.44,826.88,Hibernating
12462,1189.59,2,594.795,1189.59,Potential Loyalists
12463,1344.78,4,336.195,1344.78,Loyal Customers
12464,1212.05,8,151.50625,1212.05,Champions
12465,742.1899999999999,2,371.09499999999997,742.1899999999999,Potential Loyalists
12468,729.5400000000001,2,364.77000000000004,729.5400000000001,Hibernating
12471,19824.05,30,660.8016666666666,19824.05,Champions
12472,6572.11,7,938.8728571428571,6572.11,Champions
12473,3938.5499999999997,5,787.7099999999999,3938.5499999999997,Champions
12474,7375.79,18,409.7661111111111,7375.79,Champions
12475,723.38,1,723.38,723.38,Hibernating
12476,6816.42,11,619.6745454545454,6816.419999999999,Champions
12477,13219.74,6,2203.29,13219.74,Champions
12478,680.99,1,680.99,680.99,New Customers
12479,527.2,1,527.2,527.2,New Customers
12480,3281.63,4,820.4075,3281.63,Champions
12481,5596.32,10,559.632,5596.32,Champions
12483,2484.98,8,310.6225,2484.98,Champions
12484,4541.72,6,756.9533333333334,4541.72,Champions
12488,1298.66,3,432.8866666666667,1298.66,Loyal Customers
12489,334.93,1,334.93,334.93,Lost Customers
12490,5417.93,10,541.793,5417.93,Champions
12491,460.40000000000003,1,460.40000000000003,460.40000000000003,Hibernating
12492,263.21000000000004,2,131.60500000000002,263.21000000000004,Hibernating
12493,433.74,2,216.87,433.74,Lost Customers
12494,1246.1000000000001,7,178.01428571428573,1246.1000000000001,Champions
12497,1043.1,1,1043.1,1043.1,Hibernating
12498,403.70000000000005,3,134.5666666666667,403.70000000000005,Potential Loyalists
12500,4257.82,11,387.07454545454544,4257.82,Champions
12501,2169.39,1,2169.39,2169.39,Hibernating
12502,3723.87,5,744.774,3723.87,Can't Lose Them
12504,482.04999999999995,2,241.02499999999998,482.04999999999995,Potential Loyalists
12506,73.5,1,73.5,73.5,Lost Customers
12507,1304.81,3,434.93666666666667,1304.81,At Risk
12508,398.27,2,199.135,398.27,Potential Loyalists
12509,176.5,1,176.5,176.5,Lost Customers
12510,982.5699999999999,2,491.28499999999997,982.5699999999999,Hibernating
12512,138.03,2,69.015,138.03,Hibernating
12513,612.29,1,612.29,612.29,Hibernating
12514,1017.68,1,1017.68,1017.68,Hibernating
12515,383.7,1,383.7,383.7,Lost Customers
12516,1312.06,2,656.03,1312.06,Hibernating
12517,2502.84,5,500.56800000000004,2502.84,Champions
12518,2056.89,5,411.378,2056.89,Champions
12519,340.84,1,340.84,340.84,Hibernating
12520,2634.26,5,526.8520000000001,2634.26,Can't Lose Them
12521,599.68,1,599.68,599.68,Hibernating
12522,192.72,2,96.36,192.72,Hibernating
12523,1789.77,11,162.70636363636365,1789.7700000000002,Champions
12524,4485.72,8,560.715,4485.72,Champions
12526,1316.66,3,438.8866666666667,1316.66,Loyal Customers
12527,348.71000000000004,3,116.23666666666668,348.71000000000004,At Risk
12528,1933.48,6,322.24666666666667,1933.48,Champions
12530,1662.28,4,415.57,1662.28,Loyal Customers
12531,125.22,1,125.22,125.22,Hibernating
12532,349.83000000000004,1,349.83000000000004,349.83000000000004,Hibernating
12534,1089.18,1,1089.18,1089.18,Hibernating
12535,716.35,2,358.175,716.35,Hibernating
12536,12601.830000000002,3,4200.610000000001,12601.830000000002,Loyal Customers
12538,363.95,1,363.95,363.95,Hibernating
12539,5568.35,4,1392.0875,5568.35,Champions
12540,13400.24,17,788.2494117647059,13400.24,Champions
12541,981.18,3,327.06,981.1800000000001,Loyal Customers
12544,372.7,1,372.7,372.7,Hibernating
12545,1000.39,2,500.195,1000.39,Hibernating
12546,1161.5,2,580.75,1161.5,Hibernating
12547,207.79999999999998,2,103.89999999999999,207.79999999999998,Lost Customers
12548,95.19999999999999,1,95.19999999999999,95.19999999999999,Lost Customers
12550,964.83,1,964.83,964.83,Hibernating
12551,168.0,1,168.0,168.0,Lost Customers
12552,437.82,2,218.91,437.82,Hibernating
12553,3692.28,10,369.228,3692.28,Champions
12556,603.71,2,301.855,603.71,Hibernating
12557,11990.960000000001,5,2398.192,11990.96,Champions
12558,269.96,1,269.96,269.96,New Customers
12559,561.71,2,280.855,561.71,Hibernating
12560,2134.01,3,711.3366666666667,2134.01,Loyal Customers
12561,238.85,1,238.85,238.85,Lost Customers
12562,3781.7400000000002,7,540.2485714285715,3781.7400000000007,Champions
12564,456.9,1,456.9,456.9,Lost Customers
12565,145.92,1,145.92,145.92,Lost Customers
12566,351.65,1,351.65,351.65,Lost Customers
12567,9401.28,10,940.128,9401.28,Champions
12569,4124.69,32,128.8965625,4124.69,Champions
12571,519.61,2,259.805,519.61,Hibernating
12572,1020.42,2,510.21,1020.42,Potential Loyalists
12573,160.54000000000002,1,160.54000000000002,160.54000000000002,Lost Customers
12574,218.45,1,218.45,218.45,Lost Customers
12576,1315.83,5,263.166,1315.83,Loyal Customers
12577,657.8,3,219.26666666666665,657.8,Loyal Customers
12578,2794.51,2,1397.255,2794.51,Potential Loyalists
12579,440.42,1,440.42,440.42,Lost Customers
12580,415.7,1,415.7,415.7,Lost Customers
12581,197.71,1,197.71,197.71,Hibernating
12582,511.36,2,255.68,511.36,Hibernating
12583,7281.38,15,485.42533333333336,7281.38,Champions
12584,2338.15,9,259.7944444444445,2338.1500000000005,Champions
12585,2040.1,2,1020.05,2040.1,Hibernating
12586,196.94000000000003,1,196.94000000000003,196.94000000000003,Hibernating
12587,144.0,1,144.0,144.0,New Customers
12588,214.89999999999998,1,214.89999999999998,214.89999999999998,Hibernating
12589,646.68,2,323.34,646.68,Potential Loyalists
12590,9864.26,2,4932.13,9864.26,Hibernating
12591,452.84999999999997,1,452.84999999999997,452.84999999999997,Lost Customers
12592,437.6,2,218.8,437.6,Lost Customers
12593,418.09999999999997,3,139.36666666666665,418.0999999999999,At Risk
12594,3338.2200000000003,10,333.822,3338.2200000000003,Loyal Customers
12596,618.27,2,309.135,618.27,Hibernating
12597,3811.22,4,952.805,3811.22,Champions
12598,3023.08,8,377.885,3023.08,Champions
12599,1032.58,7,147.51142857142855,1032.58,Champions
12600,2599.04,10,259.904,2599.04,Champions
12601,577.0600000000001,5,115.412,577.0600000000001,At Risk
12602,153.12,1,153.12,153.12,Hibernating
12603,739.1999999999999,1,739.1999999999999,739.1999999999999,Hibernating
12604,254.18,2,127.09,254.18,Lost Customers
12607,1579.51,1,1579.51,1579.51,Hibernating
12609,1126.85,3,375.6166666666666,1126.85,At Risk
12610,2099.54,5,419.908,2099.54,Champions
12611,1193.32,1,1193.32,1193.32,Hibernating
12612,704.0400000000001,1,704.0400000000001,704.0400000000001,Hibernating
12613,3344.38,5,668.876,3344.38,Loyal Customers
12614,315.6,1,315.6,315.6,Lost Customers
12615,2291.19,4,572.7975,2291.19,Champions
12616,713.3,2,356.65,713.3,Hibernating
12617,355.53,1,355.53,355.53,Hibernating
12618,177.31,1,177.31,177.31,Hibernating
12619,3641.24,9,404.5822222222222,3641.24,Champions
12620,1339.41,3,446.47,1339.41,Loyal Customers
12621,13689.67,20,684.4835,13689.670000000002,Champions
12622,180.1,1,180.1,180.1,Lost Customers
12623,305.1,1,305.1,305.1,Lost Customers
12624,641.13,2,320.565,641.13,Hibernating
12625,2683.82,2,1341.91,2683.82,Hibernating
12626,6620.48,9,735.6088888888888,6620.48,Champions
12627,4478.53,7,639.79,4478.53,Champions
12628,786.46,3,262.15333333333336,786.46,Loyal Customers
12630,1270.88,2,635.44,1270.88,Potential Loyalists
12631,640.5,1,640.5,640.5,Hibernating
12633,2163.98,4,540.995,2163.98,Loyal Customers
12635,1689.18,2,844.59,1689.18,Hibernating
12637,6021.9,8,752.7375,6021.9,Loyal Customers
12638,671.69,1,671.69,671.69,Hibernating
12639,486.1,1,486.1,486.1,Lost Customers
12640,1174.58,3,391.52666666666664,1174.58,Loyal Customers
12641,185.9,1,185.9,185.9,Lost Customers
12642,1013.26,3,337.75333333333333,1013.26,Loyal Customers
12643,3344.64,6,557.4399999999999,3344.6399999999994,Can't Lose Them
12644,477.91,1,477.91,477.91,Lost Customers
12645,1775.18,4,443.795,1775.18,Loyal Customers
12646,1346.97,2,673.485,1346.97,Potential Loyalists
12647,3722.82,12,310.235,3722.82,Champions
12648,318.05,1,318.05,318.05,Lost Customers
12649,623.51,3,207.83666666666667,623.51,At Risk
12650,314.44,1,314.44,314.44,New Customers
12651,114.0,1,114.0,114.0,Lost Customers
12652,919.98,1,919.98,919.98,Hibernating
12653,2209.85,2,1104.925,2209.85,Hibernating
12654,601.98,5,120.396,601.98,Loyal Customers
12656,4051.17,5,810.234,4051.17,Champions
12657,1643.18,4,410.795,1643.18,Champions
12658,686.05,1,686.05,686.05,Hibernating
12659,91.68,1,91.68,91.68,Hibernating
12660,245.1,1,245.1,245.1,New Customers
12662,3849.78,11,349.98,3849.78,Champions
12664,4881.88,9,542.4311111111111,4881.88,Champions
12665,63.0,1,63.0,63.0,Lost Customers
12667,620.13,1,620.13,620.13,Hibernating
12668,3807.15,4,951.7875,3807.15,Champions
12669,2744.0299999999997,3,914.6766666666666,2744.0299999999997,At Risk
12670,2996.05,5,599.21,2996.05,Champions
12672,225.89999999999998,1,225.89999999999998,225.89999999999998,Lost Customers
12673,610.52,2,305.26,610.52,Potential Loyalists
12674,1970.6,4,492.65,1970.6,Loyal Customers
12676,1331.39,6,221.89833333333334,1331.39,Champions
12678,17628.46,12,1469.0383333333332,17628.46,Loyal Customers
12679,1113.02,4,278.255,1113.02,Loyal Customers
12680,862.81,4,215.7025,862.81,Loyal Customers
12681,13787.54,22,626.7063636363637,13787.54,Champions
12682,12288.22,31,396.3941935483871,12288.22,Champions
12683,8476.57,15,565.1046666666666,8476.57,Champions
12684,2283.63,7,326.23285714285714,2283.63,Champions
12685,2863.08,6,477.18,2863.08,Champions
12686,89.14,1,89.14,89.14,Lost Customers
12688,4873.8099999999995,1,4873.8099999999995,4873.8099999999995,Hibernating
12689,1247.61,2,623.805,1247.61,Potential Loyalists
12690,389.01,1,389.01,389.01,Lost Customers
12691,1035.8,6,172.63333333333333,1035.8,Champions
12693,855.91,4,213.9775,855.91,At Risk
12694,869.67,2,434.835,869.67,Hibernating
12695,582.1,4,145.525,582.1,Loyal Customers
12697,957.59,3,319.19666666666666,957.5899999999999,Loyal Customers
12700,4939.99,4,1234.9975,4939.99,Champions
12701,797.71,2,398.855,797.71,Hibernating
12702,219.0,1,219.0,219.0,Hibernating
12703,283.55,1,283.55,283.55,Hibernating
12704,2340.84,8,292.605,2340.84,Champions
12705,6868.29,9,763.1433333333333,6868.29,Champions
12707,603.42,1,603.42,603.42,Hibernating
12708,2712.91,10,271.291,2712.91,Champions
12709,9736.52,15,649.1013333333334,9736.52,Champions
12710,1149.02,3,383.00666666666666,1149.02,At Risk
12712,4396.13,13,338.1638461538462,4396.13,Champions
12713,848.55,1,848.55,848.55,New Customers
12714,4708.86,5,941.7719999999999,4708.86,Champions
12715,353.86,1,353.86,353.86,Lost Customers
12716,1053.49,2,526.745,1053.49,Potential Loyalists
12717,1030.98,2,515.49,1030.98,Hibernating
12718,238.25,1,238.25,238.25,Hibernating
12719,644.95,2,322.475,644.95,Potential Loyalists
12720,5781.73,25,231.26919999999998,5781.73,Champions
12721,2656.13,6,442.68833333333333,2656.13,Champions
12722,997.63,4,249.4075,997.63,Can't Lose Them
12723,725.07,5,145.014,725.07,Loyal Customers
12724,1031.41,4,257.8525,1031.41,Champions
12725,427.8,1,427.8,427.8,Lost Customers
12726,2609.1,7,372.7285714285714,2609.1,Champions
12727,3980.7,7,568.6714285714286,3980.7,Champions
12728,836.33,4,209.0825,836.33,Loyal Customers
12729,453.01,1,453.01,453.01,Lost Customers
12731,18895.91,12,1574.6591666666666,18895.91,Champions
12732,236.26000000000002,1,236.26000000000002,236.26000000000002,Lost Customers
12733,383.95,1,383.95,383.95,Lost Customers
12734,110.39999999999999,1,110.39999999999999,110.39999999999999,Lost Customers
12735,779.5699999999999,2,389.78499999999997,779.5699999999999,Hibernating
12736,234.0,1,234.0,234.0,Lost Customers
12738,155.35,1,155.35,155.35,Lost Customers
12739,1013.04,2,506.52,1013.04,Hibernating
12740,427.6,1,427.6,427.6,Hibernating
12743,546.43,2,273.215,546.43,Hibernating
12744,21279.29,7,3039.8985714285714,21279.29,Loyal Customers
12747,4196.01,11,381.4554545454546,4196.01,Champions
12748,33719.73,209,161.3384210526316,33719.73,Champions
12749,4090.88,5,818.176,4090.88,Champions
12750,275.88,1,275.88,275.88,Lost Customers
12752,4366.78,1,4366.78,4366.78,Hibernating
12753,21429.39,6,3571.565,21429.39,Champions
12754,3010.74,3,1003.5799999999999,3010.74,At Risk
12755,3811.95,2,1905.975,3811.95,Hibernating
12756,112.07999999999998,1,112.07999999999998,112.07999999999998,Lost Customers
12757,7857.1,13,604.3923076923077,7857.099999999999,Champions
12758,2791.59,2,1395.795,2791.59,Hibernating
12759,1531.44,3,510.48,1531.44,Loyal Customers
12762,1898.52,2,949.26,1898.52,Potential Loyalists
12763,494.08,2,247.04,494.08,Hibernating
12764,1693.88,1,1693.88,1693.88,Hibernating
12766,6989.63,7,998.5185714285715,6989.63,Champions
12769,1143.6,1,1143.6,1143.6,Hibernating
12770,1351.45,1,1351.45,1351.45,Hibernating
12772,892.47,1,892.47,892.47,Hibernating
12775,1386.04,5,277.20799999999997,1386.04,Champions
12778,822.23,6,137.03833333333333,822.23,Loyal Customers
12779,3981.36,8,497.67,3981.36,Loyal Customers
12781,826.74,2,413.37,826.74,Hibernating
12782,2330.92,5,466.184,2330.92,Champions
12783,2225.91,6,370.98499999999996,2225.91,Champions
12784,574.42,2,287.21,574.42,Potential Loyalists
12785,311.95,1,311.95,311.95,Lost Customers
12787,463.66,3,154.55333333333334,463.66,Potential Loyalists
12789,91.85,1,91.85,91.85,Hibernating
12790,324.92,1,324.92,324.92,Lost Customers
12791,192.60000000000002,1,192.60000000000002,192.60000000000002,Lost Customers
12792,400.53999999999996,1,400.53999999999996,400.53999999999996,Lost Customers
12793,545.48,2,272.74,545.48,Hibernating
12794,860.41,2,430.205,860.41,Hibernating
12795,430.48,1,430.48,430.48,Hibernating
12797,254.03,1,254.03,254.03,Lost Customers
12798,6977.04,3,2325.68,6977.039999999999,Loyal Customers
12802,427.58,1,427.58,427.58,Lost Customers
12808,483.65000000000003,3,161.21666666666667,483.65,At Risk
12809,489.31,1,489.31,489.31,Lost Customers
12811,514.85,3,171.61666666666667,514.85,At Risk
12812,229.64000000000001,1,229.64000000000001,229.64000000000001,Hibernating
12814,125.92,1,125.92,125.92,Lost Customers
12815,1063.46,2,531.73,1063.46,Hibernating
12816,572.2,2,286.1,572.2,Hibernating
12817,166.04,1,166.04,166.04,Lost Customers
12818,1542.08,1,1542.08,1542.08,Hibernating
12820,942.34,4,235.585,942.34,Champions
12821,92.72,1,92.72,92.72,Lost Customers
12822,948.88,2,474.44,948.88,Hibernating
12823,1759.5,5,351.9,1759.5,Can't Lose Them
12824,397.12,1,397.12,397.12,Hibernating
12826,1474.72,7,210.67428571428573,1474.72,Champions
12827,430.15000000000003,3,143.38333333333335,430.1500000000001,Potential Loyalists
12828,1018.71,6,169.785,1018.71,Champions
12829,293.0,2,146.5,293.0,Lost Customers
12830,6814.64,6,1135.7733333333333,6814.639999999999,Loyal Customers
12831,215.05,1,215.05,215.05,Lost Customers
12832,383.03,2,191.515,383.03,Potential Loyalists
12833,417.38,1,417.38,417.38,Lost Customers
12834,312.38,1,312.38,312.38,Lost Customers
12836,2612.86,4,653.215,2612.86,Loyal Customers
12837,134.1,1,134.1,134.1,Lost Customers
12838,683.13,2,341.565,683.13,Hibernating
12839,5591.42,14,399.38714285714286,5591.42,Champions
12840,2726.77,4,681.6925,2726.77,Can't Lose Them
12841,4022.35,25,160.894,4022.3500000000004,Champions
12842,1118.99,2,559.495,1118.99,Hibernating
12843,1702.26,8,212.7825,1702.26,Loyal Customers
12844,325.96000000000004,2,162.98000000000002,325.96000000000004,Potential Loyalists
12845,354.09,4,88.5225,354.09,At Risk
12847,871.54,1,871.54,871.54,Hibernating
12849,1050.8899999999999,2,525.4449999999999,1050.8899999999999,Potential Loyalists
12851,135.18,1,135.18,135.18,Lost Customers
12852,311.55,1,311.55,311.55,Lost Customers
12853,1957.1000000000001,6,326.18333333333334,1957.1,Can't Lose Them
12854,1324.5,3,441.5,1324.5,At Risk
12855,38.1,1,38.1,38.1,Lost Customers
12856,2179.93,6,363.32166666666666,2179.93,Champions
12857,1106.4,2,553.2,1106.4,Hibernating
12863,521.2,1,521.2,521.2,Hibernating
12864,147.12,1,147.12,147.12,Lost Customers
12865,1568.23,2,784.115,1568.23,Potential Loyalists
12866,559.12,1,559.12,559.12,Hibernating
12867,4036.82,7,576.6885714285714,4036.82,Champions
12868,1607.0600000000002,6,267.84333333333336,1607.0600000000002,Can't Lose Them
12871,380.64,2,190.32,380.64,Lost Customers
12872,599.97,2,299.985,599.97,Hibernating
12873,374.0,1,374.0,374.0,Lost Customers
12875,343.2300000000001,2,171.61500000000004,343.2300000000001,Lost Customers
12876,2218.02,2,1109.01,2218.02,Hibernating
12877,1535.77,12,127.98083333333334,1535.77,Champions
12878,854.99,2,427.495,854.99,Hibernating
12879,573.22,3,191.07333333333335,573.22,Loyal Customers
12881,298.0,1,298.0,298.0,Lost Customers
12882,1463.04,2,731.52,1463.04,Potential Loyalists
12883,703.47,4,175.8675,703.47,Loyal Customers
12884,309.05,1,309.05,309.05,Lost Customers
12885,1175.22,3,391.74,1175.22,Loyal Customers
12886,1378.4,2,689.2,1378.4,Hibernating
12888,354.12,2,177.06,354.12,Lost Customers
12890,380.46999999999997,1,380.46999999999997,380.46999999999997,Hibernating
12891,331.0,3,110.33333333333333,331.0,At Risk
12893,188.14,1,188.14,188.14,Hibernating
12895,372.8,2,186.4,372.8,Hibernating
12897,216.5,2,108.25,216.5,Lost Customers
12901,17654.54,28,630.5192857142857,17654.54,Champions
12902,138.68,1,138.68,138.68,Lost Customers
12904,509.58,2,254.79,509.58,Potential Loyalists
12906,2919.81,5,583.962,2919.81,Champions
12908,750.0,2,375.0,750.0,Hibernating
12909,2178.67,5,435.73400000000004,2178.67,Loyal Customers
12910,3075.04,8,384.38,3075.04,Champions
12912,1662.3,5,332.46,1662.3,Champions
12913,2483.63,5,496.726,2483.63,Champions
12915,363.65,2,181.825,363.65,Lost Customers
12916,3006.15,4,751.5375,3006.15,Can't Lose Them
12917,594.0,1,594.0,594.0,Hibernating
12919,1335.19,6,222.53166666666667,1335.19,Champions
12920,164.23,1,164.23,164.23,Hibernating
12921,16587.09,37,448.29972972972973,16587.09,Champions
12922,405.38,1,405.38,405.38,Lost Customers
12923,176.97,1,176.97,176.97,Hibernating
12924,933.7,4,233.425,933.7,At Risk
12925,694.05,2,347.025,694.05,Potential Loyalists
12928,2062.7000000000003,5,412.5400000000001,2062.7000000000003,Loyal Customers
12929,117.85,1,117.85,117.85,Lost Customers
12930,415.8,2,207.9,415.8,Lost Customers
12931,42055.96,15,2803.730666666667,42055.96,Champions
12933,607.53,3,202.51,607.53,Loyal Customers
12935,2160.7,7,308.6714285714285,2160.7,Champions
12936,1063.9,4,265.975,1063.9,Champions
12937,1504.27,4,376.0675,1504.27,Champions
12938,114.14,1,114.14,114.14,Hibernating
12939,11581.8,8,1447.725,11581.8,Loyal Customers
12940,913.54,2,456.77,913.54,Hibernating
12942,683.9,3,227.96666666666667,683.9,At Risk
12944,604.51,2,302.255,604.51,Hibernating
12945,462.95,1,462.95,462.95,Lost Customers
12947,1603.99,6,267.33166666666665,1603.9899999999998,Can't Lose Them
12948,2064.95,7,294.99285714285713,2064.95,Champions
12949,4167.22,8,520.9025,4167.22,Champions
12950,1843.0,3,614.3333333333334,1843.0,Loyal Customers
12951,1064.07,6,177.345,1064.07,Champions
12952,1387.79,4,346.9475,1387.79,Champions
12953,329.85,1,329.85,329.85,New Customers
12955,4757.16,11,432.4690909090909,4757.16,Champions
12956,108.07,1,108.07,108.07,Lost Customers
12957,4017.54,8,502.1925,4017.54,Champions
12962,266.39,2,133.195,266.39,Potential Loyalists
12963,1856.63,8,232.07875,1856.63,Champions
12965,771.91,1,771.91,771.91,Hibernating
12966,160.18,1,160.18,160.18,New Customers
12967,1660.9,2,830.45,1660.9,Hibernating
12968,135.95,1,135.95,135.95,Lost Customers
12970,452.24,4,113.06,452.24,Potential Loyalists
12971,11189.91,86,130.11523255813952,11189.91,Champions
12974,144.8,1,144.8,144.8,Lost Customers
12976,738.6,1,738.6,738.6,Hibernating
12977,39.239999999999995,1,39.239999999999995,39.239999999999995,Lost Customers
12980,7374.900000000001,9,819.4333333333334,7374.900000000001,Can't Lose Them
12981,372.21999999999997,2,186.10999999999999,372.21999999999997,Potential Loyalists
12982,390.54,1,390.54,390.54,Lost Customers
12984,97.5,1,97.5,97.5,Hibernating
12985,1239.38,2,619.69,1239.38,Potential Loyalists
12987,558.7,2,279.35,558.7,Hibernating
12988,535.32,1,535.32,535.32,Hibernating
12989,6924.110000000001,15,461.6073333333334,6924.110000000001,Champions
12990,409.5,3,136.5,409.5,Potential Loyalists
12991,503.76,2,251.88,503.76,Potential Loyalists
12993,414.76,4,103.69,414.76,Potential Loyalists
12994,974.4200000000001,3,324.8066666666667,974.4200000000001,Loyal Customers
12995,211.32,1,211.32,211.32,Lost Customers
12997,1226.89,4,306.7225,1226.89,Champions
12999,455.88,3,151.96,455.88,At Risk
13000,534.85,3,178.28333333333333,534.85,At Risk
13001,9818.82,13,755.2938461538462,9818.82,Champions
13002,120.94999999999999,1,120.94999999999999,120.94999999999999,Lost Customers
13003,149.05,3,49.68333333333334,149.05,At Risk
13004,5655.91,18,314.21722222222223,5655.91,Champions
13005,513.7,2,256.85,513.7,Hibernating
13006,81.57,1,81.57,81.57,Hibernating
13008,229.46999999999997,1,229.46999999999997,229.46999999999997,Lost Customers
13011,50.550000000000004,1,50.550000000000004,50.550000000000004,Lost Customers
13012,1661.8400000000001,8,207.73000000000002,1661.8400000000001,Champions
13013,4810.9400000000005,13,370.07230769230773,4810.9400000000005,Champions
13014,3466.2799999999997,10,346.628,3466.2799999999997,Champions
13015,3346.28,5,669.2560000000001,3346.2800000000007,Loyal Customers
13016,789.89,3,263.2966666666667,789.8900000000001,At Risk
13017,204.0,1,204.0,204.0,New Customers
13018,7277.7,28,259.91785714285714,7277.7,Champions
13021,2616.38,9,290.7088888888889,2616.38,Champions
13023,689.9,2,344.95,689.9,Hibernating
13026,975.36,5,195.072,975.36,Champions
13027,6912.0,6,1152.0,6912.0,Can't Lose Them
13028,661.3199999999999,2,330.65999999999997,661.3199999999999,Potential Loyalists
13029,1247.5,3,415.8333333333333,1247.5,Loyal Customers
13030,799.48,2,399.74,799.48,Potential Loyalists
13032,1010.18,2,505.09,1010.18,Hibernating
13033,190.55,1,190.55,190.55,Lost Customers
13034,642.77,2,321.385,642.77,Hibernating
13035,921.88,2,460.94,921.88,Hibernating
13037,881.07,3,293.69,881.0699999999999,At Risk
13038,908.46,3,302.82,908.46,At Risk
13040,676.99,2,338.495,676.99,Potential Loyalists
13043,516.42,1,516.42,516.42,Hibernating
13044,560.47,1,560.47,560.47,Hibernating
13045,305.28000000000003,1,305.28000000000003,305.28000000000003,Lost Customers
13046,629.31,2,314.655,629.31,Potential Loyalists
13047,3237.54,10,323.754,3237.54,Champions
13048,1835.91,4,458.9775,1835.91,Champions
13049,656.6800000000001,2,328.34000000000003,656.6800000000001,Hibernating
13050,5836.86,17,343.3447058823529,5836.86,Champions
13052,348.15000000000003,1,348.15000000000003,348.15000000000003,Lost Customers
13055,1214.41,3,404.80333333333334,1214.41,At Risk
13058,271.40000000000003,3,90.46666666666668,271.40000000000003,Potential Loyalists
13059,183.4,1,183.4,183.4,Lost Customers
13060,307.53,1,307.53,307.53,Lost Customers
13061,248.61,1,248.61,248.61,Hibernating
13062,346.98,1,346.98,346.98,Lost Customers
13064,1119.49,4,279.8725,1119.49,Champions
13065,205.86,1,205.86,205.86,Lost Customers
13066,470.8,2,235.4,470.8,Potential Loyalists
13067,115.46000000000001,1,115.46000000000001,115.46000000000001,Lost Customers
13068,344.0,2,172.0,344.0,Potential Loyalists
13069,4436.12,24,184.83833333333334,4436.12,Champions
13070,228.8,1,228.8,228.8,Lost Customers
13072,177.15,1,177.15,177.15,Lost Customers
13075,919.61,1,919.61,919.61,Hibernating
13077,729.27,4,182.3175,729.27,Loyal Customers
13078,12627.94,26,485.69,12627.94,Champions
13079,220.10000000000002,5,44.02,220.10000000000002,Potential Loyalists
13080,58.08,1,58.08,58.08,Lost Customers
13081,28337.38,11,2576.1254545454544,28337.379999999997,Champions
13082,3613.63,9,401.51444444444445,3613.63,Can't Lose Them
13083,303.75,2,151.875,303.75,Potential Loyalists
13085,416.08000000000004,2,208.04000000000002,416.08000000000004,Lost Customers
13089,58825.83,97,606.4518556701031,58825.83,Champions
13090,8910.82,14,636.4871428571429,8910.82,Champions
13091,345.82,1,345.82,345.82,Hibernating
13092,477.83,5,95.566,477.83000000000004,At Risk
13093,7832.47,8,979.05875,7832.47,Can't Lose Them
13094,1927.3200000000002,12,160.61,1927.3200000000002,Champions
13095,74.39999999999999,1,74.39999999999999,74.39999999999999,Hibernating
13097,6010.42,10,601.042,6010.42,Champions
13098,28882.44,28,1031.5157142857142,28882.44,Champions
13099,207.35999999999999,1,207.35999999999999,207.35999999999999,Lost Customers
13101,101.19,1,101.19,101.19,Lost Customers
13102,6424.09,24,267.67041666666665,6424.09,Champions
13103,243.94,1,243.94,243.94,Hibernating
13104,1098.48,6,183.08,1098.48,Champions
13106,76.5,1,76.5,76.5,Lost Customers
13107,1531.6200000000001,4,382.90500000000003,1531.6200000000001,Loyal Customers
13108,350.06,1,350.06,350.06,Lost Customers
13109,786.54,2,393.27,786.54,Hibernating
13110,1488.67,7,212.66714285714286,1488.67,Champions
13113,12245.960000000001,24,510.2483333333334,12245.960000000001,Champions
13115,2294.78,4,573.695,2294.78,Champions
13116,501.14,1,501.14,501.14,Hibernating
13117,984.91,8,123.11375,984.91,Champions
13118,1197.81,5,239.56199999999998,1197.81,Champions
13120,30.599999999999998,1,30.599999999999998,30.599999999999998,Lost Customers
13121,283.73,1,283.73,283.73,Lost Customers
13122,922.39,2,461.195,922.39,Hibernating
13124,3866.33,3,1288.7766666666666,3866.33,At Risk
13126,2099.64,8,262.455,2099.64,Champions
13127,259.17,1,259.17,259.17,Lost Customers
13130,64.0,1,64.0,64.0,Lost Customers
13131,1073.3,3,357.76666666666665,1073.3,Loyal Customers
13132,77.3,1,77.3,77.3,Lost Customers
13133,109.8,2,54.9,109.8,Lost Customers
13134,1793.58,4,448.395,1793.58,Can't Lose Them
13135,3096.0,1,3096.0,3096.0,Hibernating
13136,2607.61,5,521.522,2607.61,Loyal Customers
13137,3650.41,8,456.30125,3650.41,Champions
13138,962.39,6,160.39833333333334,962.3900000000001,Champions
13139,5064.94,7,723.5628571428571,5064.94,Champions
13140,423.72,3,141.24,423.72,At Risk
13141,2388.75,5,477.75,2388.75,Can't Lose Them
13142,307.09,1,307.09,307.09,Hibernating
13144,110.95,1,110.95,110.95,Lost Customers
13145,618.52,4,154.63,618.52,Loyal Customers
13146,228.91,1,228.91,228.91,Hibernating
13147,712.8000000000001,4,178.20000000000002,712.8000000000001,Loyal Customers
13148,3707.12,12,308.9266666666667,3707.12,Champions
13149,1676.06,4,419.015,1676.06,Champions
13151,1257.8700000000001,1,1257.8700000000001,1257.8700000000001,Hibernating
13153,486.22,1,486.22,486.22,New Customers
13155,971.76,4,242.94,971.76,Loyal Customers
13157,1741.22,4,435.305,1741.22,Loyal Customers
13158,1201.06,4,300.265,1201.06,Can't Lose Them
13159,1437.85,4,359.4625,1437.85,Champions
13160,91.8,1,91.8,91.8,Hibernating
13161,112.75,1,112.75,112.75,Lost Customers
13162,1688.29,4,422.0725,1688.29,Can't Lose Them
13165,1021.48,2,510.74,1021.48,Hibernating
13166,417.2,1,417.2,417.2,Lost Customers
13167,791.33,4,197.8325,791.33,Loyal Customers
13168,1319.19,4,329.7975,1319.19,Loyal Customers
13169,712.88,2,356.44,712.88,Hibernating
13170,116.00999999999999,1,116.00999999999999,116.00999999999999,Hibernating
13171,468.41,3,156.13666666666668,468.4100000000001,Potential Loyalists
13173,353.65,2,176.825,353.65,Potential Loyalists
13174,2817.03,3,939.0100000000001,2817.03,Loyal Customers
13176,492.84,1,492.84,492.84,Hibernating
13177,282.45,1,282.45,282.45,Hibernating
13178,5725.47,11,520.4972727272727,5725.47,Champions
13182,121.18,1,121.18,121.18,Hibernating
13183,3957.78,9,439.75333333333333,3957.7799999999997,Champions
13184,1701.29,10,170.129,1701.29,Champions
13185,71.4,1,71.4,71.4,Lost Customers
13186,1575.89,3,525.2966666666667,1575.8900000000003,Loyal Customers
13187,236.02,1,236.02,236.02,Lost Customers
13188,114.60000000000001,1,114.60000000000001,114.60000000000001,New Customers
13189,260.68,2,130.34,260.68,Potential Loyalists
13192,911.94,2,455.97,911.94,Hibernating
13193,117.88,1,117.88,117.88,Hibernating
13194,60.7,1,60.7,60.7,Lost Customers
13196,1797.78,4,449.445,1797.78,Champions
13198,3401.2400000000002,6,566.8733333333333,3401.24,Champions
13199,9817.12,38,258.34526315789475,9817.12,Champions
13200,870.09,4,217.5225,870.09,Loyal Customers
13203,869.46,4,217.365,869.46,Loyal Customers
13207,250.26000000000002,2,125.13000000000001,250.26000000000002,Potential Loyalists
13208,1223.9,6,203.98333333333335,1223.9,Loyal Customers
13209,5891.61,8,736.45125,5891.61,Champions
13210,353.48,1,353.48,353.48,Lost Customers
13211,1197.42,3,399.14000000000004,1197.42,Loyal Customers
13212,788.08,3,262.6933333333333,788.0799999999999,Loyal Customers
13213,1520.58,5,304.116,1520.58,Loyal Customers
13216,333.74,1,333.74,333.74,Lost Customers
13217,533.98,3,177.99333333333334,533.98,At Risk
13218,62.63999999999999,1,62.63999999999999,62.63999999999999,Lost Customers
13220,819.2900000000001,4,204.82250000000002,819.2900000000001,At Risk
13221,847.41,2,423.705,847.41,Hibernating
13223,163.20000000000002,2,81.60000000000001,163.20000000000002,Lost Customers
13224,2155.95,2,1077.975,2155.95,Hibernating
13225,6463.84,7,923.4057142857143,6463.84,Champions
13226,108.21000000000001,1,108.21000000000001,108.21000000000001,Lost Customers
13227,257.7,1,257.7,257.7,Lost Customers
13228,358.0,1,358.0,358.0,Lost Customers
13229,160.95,1,160.95,160.95,Lost Customers
13230,2806.97,14,200.49785714285713,2806.97,Champions
13232,1357.6,7,193.94285714285712,1357.6,Champions
13233,605.12,2,302.56,605.12,Hibernating
13235,1031.07,1,1031.07,1031.07,Hibernating
13236,744.85,2,372.425,744.85,Potential Loyalists
13238,700.73,4,175.1825,700.73,Loyal Customers
13239,329.56,1,329.56,329.56,Lost Customers
13240,663.65,4,165.9125,663.65,At Risk
13242,270.40000000000003,3,90.13333333333334,270.40000000000003,At Risk
13243,600.07,1,600.07,600.07,Hibernating
13244,121.74000000000001,1,121.74000000000001,121.74000000000001,Lost Customers
13245,430.5,1,430.5,430.5,Hibernating
13246,1987.3,6,331.21666666666664,1987.2999999999997,Champions
13247,501.12,4,125.28,501.12,Loyal Customers
13248,465.68,2,232.84,465.68,Lost Customers
13249,711.41,3,237.13666666666666,711.41,At Risk
13253,1030.4,2,515.2,1030.4,Hibernating
13255,399.51,2,199.755,399.51,Potential Loyalists
13258,698.58,3,232.86,698.58,Loyal Customers
13259,292.32,1,292.32,292.32,Hibernating
13260,557.62,1,557.62,557.62,Hibernating
13261,944.1,2,472.05,944.1,Hibernating
13262,200.29,1,200.29,200.29,Lost Customers
13263,7454.07,35,212.97342857142857,7454.07,Champions
13265,2107.66,5,421.532,2107.66,Loyal Customers
13266,3834.2599999999998,12,319.52166666666665,3834.2599999999998,Champions
13267,4521.49,19,237.97315789473683,4521.49,Champions
13268,3214.69,11,292.24454545454546,3214.69,Champions
13269,5346.2300000000005,15,356.41533333333336,5346.2300000000005,Champions
13270,590.0,1,590.0,590.0,Hibernating
13271,217.38,1,217.38,217.38,Hibernating
13272,276.56,2,138.28,276.56,Potential Loyalists
13273,138.98,1,138.98,138.98,Lost Customers
13276,590.9300000000001,2,295.46500000000003,590.9300000000001,Hibernating
13277,258.4,4,64.6,258.4,Potential Loyalists
13278,542.73,1,542.73,542.73,Hibernating
13279,137.75,1,137.75,137.75,Lost Customers
13280,814.86,3,271.62,814.86,At Risk
13282,1132.14,3,377.38000000000005,1132.14,Loyal Customers
13283,93.66,2,46.83,93.66,Hibernating
13284,201.19,1,201.19,201.19,Lost Customers
13285,2709.12,4,677.28,2709.12,Champions
13291,361.11,1,361.11,361.11,Lost Customers
13292,578.9399999999999,2,289.46999999999997,578.9399999999999,Hibernating
13294,873.74,2,436.87,873.74,Hibernating
13295,201.20000000000002,1,201.20000000000002,201.20000000000002,Lost Customers
13296,87.4,1,87.4,87.4,Lost Customers
13297,2089.85,4,522.4625,2089.85,Champions
13298,360.0,1,360.0,360.0,New Customers
13299,142.5,1,142.5,142.5,Lost Customers
13300,371.89,1,371.89,371.89,Lost Customers
13301,618.09,4,154.5225,618.09,At Risk
13302,63.75,1,63.75,63.75,Lost Customers
13304,300.42,1,300.42,300.42,Lost Customers
13305,2000.86,10,200.08599999999998,2000.86,Champions
13307,15.0,1,15.0,15.0,Lost Customers
13308,1385.51,3,461.83666666666664,1385.51,Loyal Customers
13309,1456.79,5,291.358,1456.79,Champions
13310,1132.03,3,377.3433333333333,1132.03,Loyal Customers
13311,598.57,2,299.285,598.57,Potential Loyalists
13313,1555.32,5,311.06399999999996,1555.3199999999997,Champions
13314,775.94,3,258.6466666666667,775.94,Loyal Customers
13316,5977.7300000000005,4,1494.4325000000001,5977.7300000000005,Loyal Customers
13317,2273.68,6,378.94666666666666,2273.68,Loyal Customers
13318,640.76,3,213.58666666666667,640.76,Loyal Customers
13319,10845.550000000001,26,417.1365384615385,10845.550000000001,Champions
13320,1548.7,4,387.175,1548.7,Can't Lose Them
13321,567.36,2,283.68,567.36,Hibernating
13322,199.48000000000002,1,199.48000000000002,199.48000000000002,Hibernating
13323,787.85,5,157.57,787.8499999999999,Loyal Customers
13324,7121.95,10,712.1949999999999,7121.949999999999,Loyal Customers
13325,675.3,1,675.3,675.3,Hibernating
13327,3627.77,8,453.47125,3627.77,Loyal Customers
13328,1308.48,1,1308.48,1308.48,Hibernating
13329,789.0,2,394.5,789.0,Potential Loyalists
13330,1140.93,3,380.31,1140.93,At Risk
13332,350.9,1,350.9,350.9,Hibernating
13334,3536.82,3,1178.94,3536.82,At Risk
13336,795.12,1,795.12,795.12,Hibernating
13338,487.02,1,487.02,487.02,Lost Customers
13339,860.12,1,860.12,860.12,Hibernating
13340,10736.48,7,1533.782857142857,10736.48,Loyal Customers
13341,775.85,1,775.85,775.85,Hibernating
13343,353.43,1,353.43,353.43,Lost Customers
13344,2543.72,3,847.9066666666666,2543.72,Loyal Customers
13345,389.5,1,389.5,389.5,Lost Customers
13347,341.36,1,341.36,341.36,Hibernating
13348,233.76,1,233.76,233.76,Hibernating
13349,247.32,1,247.32,247.32,New Customers
13350,979.12,2,489.56,979.12,Potential Loyalists
13351,373.94,1,373.94,373.94,Hibernating
13352,397.97999999999996,1,397.97999999999996,397.97999999999996,Hibernating
13354,743.53,1,743.53,743.53,Hibernating
13355,674.7,1,674.7,674.7,Hibernating
13356,768.24,1,768.24,768.24,Hibernating
13357,609.95,1,609.95,609.95,Hibernating
13358,439.03,1,439.03,439.03,Lost Customers
13359,439.56,1,439.56,439.56,Hibernating
13362,3090.7400000000002,4,772.6850000000001,3090.7400000000002,Champions
13363,992.5,2,496.25,992.5,Potential Loyalists
13364,134.95999999999998,1,134.95999999999998,134.95999999999998,Hibernating
13365,2225.37,2,1112.685,2225.37,Hibernating
13366,56.160000000000004,1,56.160000000000004,56.160000000000004,Hibernating
13368,623.4,2,311.7,623.4,Hibernating
13369,308.28000000000003,1,308.28000000000003,308.28000000000003,Lost Customers
13370,754.87,1,754.87,754.87,Hibernating
13372,378.64,1,378.64,378.64,Lost Customers
13373,3312.25,3,1104.0833333333333,3312.25,Loyal Customers
13375,778.65,1,778.65,778.65,Hibernating
13376,1019.76,3,339.92,1019.76,At Risk
13379,572.56,3,190.85333333333332,572.56,Loyal Customers
13381,3639.31,6,606.5516666666666,3639.3099999999995,Champions
13382,222.99,1,222.99,222.99,Lost Customers
13384,4151.93,7,593.1328571428572,4151.93,Champions
13385,534.57,1,534.57,534.57,Hibernating
13388,677.1,2,338.55,677.1,Hibernating
13389,797.96,3,265.9866666666667,797.96,Loyal Customers
13390,544.08,1,544.08,544.08,Hibernating
13391,59.8,1,59.8,59.8,Lost Customers
13394,2520.02,8,315.0025,2520.02,Champions
13395,307.72,1,307.72,307.72,Lost Customers
13396,1360.99,2,680.495,1360.99,Potential Loyalists
13397,1544.13,5,308.826,1544.13,Can't Lose Them
13398,457.34,1,457.34,457.34,Lost Customers
13402,621.23,2,310.615,621.23,Hibernating
13403,75.0,1,75.0,75.0,Hibernating
13404,252.49,2,126.245,252.49,Potential Loyalists
13405,572.451,3,190.817,572.451,At Risk
13408,28117.04,62,453.5006451612903,28117.04,Champions
13410,1003.06,5,200.612,1003.06,Champions
13411,213.55,1,213.55,213.55,Lost Customers
13414,1390.5,3,463.5,1390.5,At Risk
13416,712.5,2,356.25,712.5,Hibernating
13417,640.83,2,320.415,640.83,Potential Loyalists
13418,6127.43,18,340.4127777777778,6127.43,Champions
13419,221.06,1,221.06,221.06,Hibernating
13420,159.85,2,79.925,159.85,Lost Customers
13421,1851.08,2,925.54,1851.08,Hibernating
13422,2626.3,1,2626.3,2626.3,Hibernating
13425,1624.21,3,541.4033333333333,1624.21,At Risk
13426,3641.32,10,364.132,3641.32,Champions
13427,582.6,3,194.20000000000002,582.6,Loyal Customers
13428,218.47,1,218.47,218.47,New Customers
13429,1006.8,4,251.7,1006.8,Champions
13430,679.45,2,339.725,679.45,Potential Loyalists
13431,1269.1,2,634.55,1269.1,Hibernating
13434,534.24,2,267.12,534.24,Hibernating
13435,3809.8900000000003,7,544.2700000000001,3809.890000000001,Champions
13436,196.89,1,196.89,196.89,New Customers
13437,3408.06,7,486.86571428571426,3408.06,Champions
13439,283.71,1,283.71,283.71,Lost Customers
13441,296.64,1,296.64,296.64,Lost Customers
13447,1129.14,3,376.38000000000005,1129.14,Loyal Customers
13448,3539.37,6,589.895,3539.37,Champions
13449,291.88,1,291.88,291.88,Hibernating
13450,2043.7199999999998,6,340.61999999999995,2043.7199999999998,Champions
13451,2976.15,5,595.23,2976.15,Champions
13452,590.0,2,295.0,590.0,Hibernating
13453,356.97999999999996,2,178.48999999999998,356.97999999999996,Lost Customers
13455,1058.34,2,529.17,1058.34,Potential Loyalists
13456,1766.72,6,294.4533333333333,1766.7199999999998,Champions
13458,9646.57,14,689.0407142857142,9646.57,Champions
13460,183.44,2,91.72,183.44,Potential Loyalists
13461,1445.0,3,481.6666666666667,1445.0,Loyal Customers
13462,151.5,1,151.5,151.5,Lost Customers
13464,674.68,1,674.68,674.68,Hibernating
13466,307.9,1,307.9,307.9,Lost Customers
13467,1083.71,2,541.855,1083.71,Potential Loyalists
13468,5704.97,37,154.1883783783784,5704.97,Champions
13470,165.0,2,82.5,165.0,Lost Customers
13471,2531.58,4,632.895,2531.58,Champions
13473,422.64,2,211.32,422.64,Hibernating
13474,229.59,1,229.59,229.59,Lost Customers
13475,1431.78,4,357.945,1431.78,Can't Lose Them
13476,1238.47,2,619.235,1238.47,Hibernating
13477,1454.58,6,242.42999999999998,1454.58,Loyal Customers
13479,300.95,2,150.475,300.95,Lost Customers
13481,1804.56,5,360.912,1804.56,Loyal Customers
13482,184.64,1,184.64,184.64,Lost Customers
13483,140.34,1,140.34,140.34,Hibernating
13484,313.8,1,313.8,313.8,Lost Customers
13485,454.24,1,454.24,454.24,Lost Customers
13486,1122.41,3,374.1366666666667,1122.41,At Risk
13487,575.4,3,191.79999999999998,575.4,Loyal Customers
13488,8968.31,13,689.87,8968.31,Champions
13489,449.52,4,112.38,449.52,At Risk
13491,1215.82,10,121.582,1215.82,Loyal Customers
13492,1269.84,3,423.28,1269.84,At Risk
13493,618.63,2,309.315,618.63,Hibernating
13494,316.26000000000005,1,316.26000000000005,316.26000000000005,Lost Customers
13495,2044.8700000000001,5,408.97400000000005,2044.8700000000003,Champions
13496,653.33,2,326.665,653.33,Potential Loyalists
13497,348.05,2,174.025,348.05,Lost Customers
13499,1159.11,5,231.82199999999997,1159.11,Champions
13500,1166.77,3,388.92333333333335,1166.77,Loyal Customers
13501,1340.32,1,1340.32,1340.32,Hibernating
13502,292.0,3,97.33333333333333,292.0,Potential Loyalists
13503,216.85,1,216.85,216.85,Hibernating
13504,295.93,1,295.93,295.93,Hibernating
13505,4393.63,4,1098.4075,4393.63,Can't Lose Them
13506,458.52,2,229.26,458.52,Lost Customers
13507,2479.16,4,619.79,2479.16,Champions
13508,110.97,1,110.97,110.97,Lost Customers
13509,979.72,7,139.96,979.72,Champions
13510,1791.56,4,447.89,1791.56,Champions
13512,251.21,1,251.21,251.21,Lost Customers
13513,205.1,1,205.1,205.1,Lost Customers
13514,152.20000000000002,1,152.20000000000002,152.20000000000002,Lost Customers
13515,891.12,4,222.78,891.12,At Risk
13516,1389.41,3,463.1366666666667,1389.41,Loyal Customers
13517,2128.42,3,709.4733333333334,2128.42,Loyal Customers
13518,659.4399999999999,1,659.4399999999999,659.4399999999999,Hibernating
13519,122.75,1,122.75,122.75,Lost Customers
13520,3624.35,6,604.0583333333333,3624.3499999999995,Loyal Customers
13521,1093.65,3,364.55,1093.65,Loyal Customers
13522,125.80000000000001,1,125.80000000000001,125.80000000000001,Hibernating
13523,3964.88,5,792.976,3964.88,Loyal Customers
13524,680.1800000000001,5,136.036,680.1800000000001,Loyal Customers
13525,628.78,2,314.39,628.78,Potential Loyalists
13527,2287.51,7,326.7871428571429,2287.51,Loyal Customers
13529,307.76,2,153.88,307.76,Lost Customers
13531,483.8,2,241.9,483.8,Lost Customers
13532,210.31,1,210.31,210.31,Hibernating
13533,270.79,3,90.26333333333334,270.79,At Risk
13534,5870.08,25,234.8032,5870.08,Champions
13536,3448.29,7,492.61285714285714,3448.29,Champions
13538,1280.85,7,182.97857142857143,1280.85,Loyal Customers
13539,631.34,3,210.4466666666667,631.34,At Risk
13544,291.41,2,145.705,291.41,Hibernating
13546,626.99,3,208.99666666666667,626.99,Loyal Customers
13548,682.41,2,341.205,682.41,Hibernating
13549,918.2,7,131.17142857142858,918.2,Loyal Customers
13551,91.80000000000001,1,91.80000000000001,91.80000000000001,Lost Customers
13552,3740.07,12,311.6725,3740.07,Loyal Customers
13555,4149.28,4,1037.32,4149.28,Can't Lose Them
13557,584.06,2,292.03,584.06,Potential Loyalists
13558,605.06,4,151.265,605.06,Loyal Customers
13560,174.37,1,174.37,174.37,New Customers
13561,141.85999999999999,1,141.85999999999999,141.85999999999999,Lost Customers
13562,1799.33,3,599.7766666666666,1799.33,At Risk
13563,777.53,2,388.765,777.53,Hibernating
13564,1749.02,3,583.0066666666667,1749.02,At Risk
13565,240.22,2,120.11,240.22,Potential Loyalists
13566,874.71,2,437.355,874.71,Hibernating
13568,192.85,1,192.85,192.85,Lost Customers
13569,373.75,2,186.875,373.75,Potential Loyalists
13570,239.49,1,239.49,239.49,Lost Customers
13571,2092.32,12,174.36,2092.32,Champions
13572,1384.25,1,1384.25,1384.25,Hibernating
13573,294.4,2,147.2,294.4,Hibernating
13575,732.0699999999999,5,146.414,732.0699999999999,Loyal Customers
13576,6717.34,18,373.18555555555554,6717.34,Champions
13577,1687.6000000000001,4,421.90000000000003,1687.6000000000001,Champions
13579,467.04,2,233.52,467.04,Potential Loyalists
13581,118.0,1,118.0,118.0,Lost Customers
13583,781.03,1,781.03,781.03,Hibernating
13584,142.4,1,142.4,142.4,Lost Customers
13587,712.4,1,712.4,712.4,Hibernating
13588,2478.95,9,275.43888888888887,2478.95,Champions
13589,379.65,2,189.825,379.65,Potential Loyalists
13590,1981.92,6,330.32,1981.92,Champions
13591,1117.13,3,372.3766666666667,1117.13,Loyal Customers
13592,247.95999999999998,4,61.989999999999995,247.95999999999998,At Risk
13593,2037.0800000000002,5,407.41600000000005,2037.0800000000004,Can't Lose Them
13594,396.97,1,396.97,396.97,Hibernating
13596,697.04,2,348.52,697.04,Potential Loyalists
13598,180.17000000000002,1,180.17000000000002,180.17000000000002,Hibernating
13599,5153.67,21,245.41285714285715,5153.67,Champions
13600,219.52,1,219.52,219.52,Lost Customers
13601,693.32,2,346.66,693.32,Hibernating
13602,428.89,1,428.89,428.89,Hibernating
13603,164.34,1,164.34,164.34,Hibernating
13606,280.53999999999996,3,93.51333333333332,280.53999999999996,Potential Loyalists
13607,678.01,1,678.01,678.01,Hibernating
13610,1131.88,7,161.69714285714286,1131.88,Champions
13611,1171.8,3,390.59999999999997,1171.8,At Risk
13614,1610.46,4,402.615,1610.46,Champions
13615,417.69,1,417.69,417.69,Lost Customers
13617,544.18,3,181.39333333333332,544.18,Loyal Customers
13618,177.34,1,177.34,177.34,Lost Customers
13621,213.85,1,213.85,213.85,Lost Customers
13623,747.78,5,149.55599999999998,747.78,Loyal Customers
13626,257.23,1,257.23,257.23,Lost Customers
13627,1638.47,5,327.694,1638.47,Loyal Customers
13629,7792.36,11,708.3963636363636,7792.36,Champions
13630,2031.78,7,290.2542857142857,2031.7799999999997,Champions
13631,3070.42,11,279.1290909090909,3070.42,Can't Lose Them
13632,2121.27,5,424.254,2121.27,Champions
13634,1575.16,5,315.03200000000004,1575.1600000000003,Loyal Customers
13635,1071.03,1,1071.03,1071.03,Hibernating
13636,949.12,5,189.824,949.1200000000001,Loyal Customers
13637,810.5,3,270.1666666666667,810.5,Loyal Customers
13638,122.64,1,122.64,122.64,Hibernating
13639,1033.34,1,1033.34,1033.34,Hibernating
13642,354.8,1,354.8,354.8,Lost Customers
13643,519.44,3,173.14666666666668,519.44,Loyal Customers
13644,2624.26,4,656.065,2624.26,Champions
13645,252.1,1,252.1,252.1,Lost Customers
13647,1678.1200000000001,4,419.53000000000003,1678.1200000000001,Champions
13649,346.6,2,173.3,346.6,Lost Customers
13650,1836.34,6,306.0566666666667,1836.3400000000001,Champions
13651,94.2,2,47.1,94.2,Hibernating
13652,1095.08,3,365.02666666666664,1095.08,Loyal Customers
13654,2707.33,6,451.22166666666664,2707.33,Loyal Customers
13655,932.97,2,466.485,932.97,Hibernating
13656,379.65,2,189.825,379.65,Lost Customers
13657,382.14,2,191.07,382.14,Potential Loyalists
13658,2639.17,5,527.8340000000001,2639.17,Champions
13659,1573.2,2,786.6,1573.2,Hibernating
13662,897.76,3,299.25333333333333,897.76,At Risk
13663,189.47,1,189.47,189.47,Lost Customers
13666,84.65,3,28.21666666666667,84.65,At Risk
13667,305.02,1,305.02,305.02,Lost Customers
13668,6363.59,21,303.02809523809526,6363.59,Champions
13669,218.55,2,109.275,218.55,Hibernating
13670,349.7,1,349.7,349.7,Lost Customers
13672,186.39000000000001,2,93.19500000000001,186.39000000000001,Lost Customers
13673,396.92,2,198.46,396.92,Potential Loyalists
13675,486.82000000000005,2,243.41000000000003,486.82000000000005,Lost Customers
13678,232.6,1,232.6,232.6,Lost Customers
13680,3722.42,4,930.605,3722.42,Champions
13681,827.83,4,206.9575,827.83,Loyal Customers
13682,59.5,1,59.5,59.5,Lost Customers
13684,67.23,1,67.23,67.23,Lost Customers
13685,3119.44,7,445.63428571428574,3119.44,Champions
13686,72.0,1,72.0,72.0,Lost Customers
13689,910.0,1,910.0,910.0,Hibernating
13690,172.25,1,172.25,172.25,Hibernating
13692,1488.32,3,496.1066666666666,1488.32,Loyal Customers
13694,65039.62,50,1300.7924,65039.62,Champions
13695,2504.13,15,166.942,2504.13,Champions
13697,151.29999999999998,1,151.29999999999998,151.29999999999998,Hibernating
13699,308.58000000000004,1,308.58000000000004,308.58000000000004,Lost Customers
13700,2265.12,10,226.512,2265.12,Champions
13703,99.5,1,99.5,99.5,Lost Customers
13704,2308.06,9,256.4511111111111,2308.06,Champions
13705,711.86,3,237.28666666666666,711.86,Loyal Customers
13706,330.79,1,330.79,330.79,Lost Customers
13707,806.41,2,403.205,806.41,Hibernating
13708,296.88,1,296.88,296.88,Lost Customers
13709,6328.05,13,486.7730769230769,6328.05,Champions
13710,180.48,1,180.48,180.48,Hibernating
13711,252.06,2,126.03,252.06,Lost Customers
13712,228.84,1,228.84,228.84,Lost Customers
13715,1079.34,5,215.868,1079.34,Can't Lose Them
13716,138.28,1,138.28,138.28,Lost Customers
13717,1445.01,6,240.835,1445.01,Champions
13718,306.55,2,153.275,306.55,Lost Customers
13719,1041.68,5,208.336,1041.68,Champions
13720,799.9,4,199.975,799.9,At Risk
13721,524.14,1,524.14,524.14,Hibernating
13722,2375.41,3,791.8033333333333,2375.41,At Risk
13723,199.85000000000002,1,199.85000000000002,199.85000000000002,Lost Customers
13725,1980.56,8,247.57,1980.56,Loyal Customers
13726,1079.6599999999999,2,539.8299999999999,1079.6599999999999,Hibernating
13727,333.48,2,166.74,333.48,Potential Loyalists
13728,1016.14,6,169.35666666666665,1016.1399999999999,Loyal Customers
13730,752.6,2,376.3,752.6,Hibernating
13731,610.59,2,305.295,610.59,Hibernating
13732,491.86,1,491.86,491.86,Hibernating
13735,2885.2400000000002,4,721.3100000000001,2885.2400000000002,Champions
13736,731.9,2,365.95,731.9,Potential Loyalists
13737,339.59999999999997,1,339.59999999999997,339.59999999999997,Lost Customers
13739,216.9,1,216.9,216.9,Hibernating
13740,350.75,1,350.75,350.75,Lost Customers
13741,668.4300000000001,3,222.81000000000003,668.4300000000001,At Risk
13742,3131.02,12,260.91833333333335,3131.0200000000004,Champions
13743,1341.6,7,191.65714285714284,1341.6,Champions
13744,1156.36,2,578.18,1156.36,Hibernating
13745,300.04,1,300.04,300.04,Lost Customers
13747,79.6,1,79.6,79.6,Lost Customers
13748,948.25,5,189.65,948.25,Can't Lose Them
13750,1647.26,5,329.452,1647.26,Loyal Customers
13751,296.25,1,296.25,296.25,Lost Customers
13752,1186.28,6,197.71333333333334,1186.28,Can't Lose Them
13753,741.26,1,741.26,741.26,Hibernating
13754,282.59999999999997,2,141.29999999999998,282.59999999999997,Lost Customers
13755,2161.35,9,240.14999999999998,2161.35,Champions
13756,5189.52,14,370.68,5189.52,Champions
13758,3190.55,7,455.79285714285714,3190.55,Champions
13759,659.4100000000001,2,329.70500000000004,659.4100000000001,Hibernating
13760,286.79,2,143.395,286.79,Hibernating
13761,1070.65,2,535.325,1070.65,Hibernating
13762,306.72,1,306.72,306.72,Lost Customers
13763,1714.96,1,1714.96,1714.96,Hibernating
13764,1521.76,3,507.25333333333333,1521.76,Loyal Customers
13767,17220.36,37,465.41513513513513,17220.36,Champions
13769,2796.51,10,279.651,2796.51,Champions
13771,2634.45,4,658.6125,2634.45,Loyal Customers
13772,1132.13,3,377.3766666666667,1132.13,Loyal Customers
13774,345.0,1,345.0,345.0,Lost Customers
13777,25977.16,33,787.1866666666666,25977.16,Champions
13778,178.7,1,178.7,178.7,Lost Customers
13780,360.01,2,180.005,360.01,Potential Loyalists
13781,127.84,1,127.84,127.84,Lost Customers
13782,912.0,6,152.0,912.0,Loyal Customers
13784,2462.79,11,223.89,2462.79,Champions
13786,230.39999999999998,1,230.39999999999998,230.39999999999998,Lost Customers
13787,309.04,2,154.52,309.04,Lost Customers
13790,348.8,1,348.8,348.8,New Customers
13791,1516.0,2,758.0,1516.0,Hibernating
13792,195.55,2,97.775,195.55,Hibernating
13798,37153.85,57,651.8219298245614,37153.85,Champions
13799,688.86,2,344.43,688.86,Hibernating
13800,558.32,1,558.32,558.32,Hibernating
13801,324.8,1,324.8,324.8,Hibernating
13802,4599.42,3,1533.14,4599.42,At Risk
13803,277.07,1,277.07,277.07,Lost Customers
13804,2635.79,7,376.5414285714286,2635.79,Champions
13805,924.6,2,462.3,924.6,Hibernating
13806,256.38,1,256.38,256.38,Hibernating
13807,112.6,1,112.6,112.6,Lost Customers
13808,1747.66,5,349.53200000000004,1747.6600000000003,Champions
13809,155.05,1,155.05,155.05,Lost Customers
13810,1499.01,3,499.67,1499.01,Loyal Customers
13811,814.5,3,271.5,814.5,At Risk
13812,539.0,3,179.66666666666666,539.0,Loyal Customers
13813,1366.8600000000001,4,341.71500000000003,1366.8600000000001,Loyal Customers
13814,1579.12,2,789.56,1579.12,Hibernating
13815,4027.36,4,1006.84,4027.36,Champions
13816,571.6700000000001,2,285.83500000000004,571.6700000000001,Potential Loyalists
13817,382.98,2,191.49,382.98,Potential Loyalists
13819,1140.35,3,380.1166666666666,1140.35,At Risk
13821,385.64,2,192.82,385.64,Lost Customers
13822,632.0,2,316.0,632.0,Potential Loyalists
13823,957.66,2,478.83,957.66,Potential Loyalists
13824,1698.94,5,339.788,1698.94,Loyal Customers
13826,189.5,1,189.5,189.5,Lost Customers
13827,412.05,3,137.35,412.04999999999995,At Risk
13828,209.49,1,209.49,209.49,Hibernating
13831,2202.99,6,367.16499999999996,2202.99,Champions
13832,52.199999999999996,1,52.199999999999996,52.199999999999996,Hibernating
13833,384.8,1,384.8,384.8,Lost Customers
13835,834.57,4,208.6425,834.57,Loyal Customers
13837,271.24,2,135.62,271.24,Lost Customers
13838,691.73,4,172.9325,691.73,Loyal Customers
13841,85.0,1,85.0,85.0,Lost Customers
13842,3385.62,9,376.18,3385.62,Loyal Customers
13844,361.62,1,361.62,361.62,New Customers
13845,312.98,1,312.98,312.98,Hibernating
13846,865.0600000000001,3,288.35333333333335,865.0600000000001,Loyal Customers
13848,1255.0,3,418.3333333333333,1255.0,At Risk
13849,1537.95,2,768.975,1537.95,Hibernating
13850,1595.48,1,1595.48,1595.48,Hibernating
13851,2651.46,3,883.82,2651.46,At Risk
13853,1090.14,1,1090.14,1090.14,Hibernating
13854,8109.5199999999995,25,324.38079999999997,8109.5199999999995,Champions
13856,388.5,3,129.5,388.5,At Risk
13858,216.17,1,216.17,216.17,Hibernating
13859,201.16,1,201.16,201.16,Lost Customers
13860,1245.9,5,249.18,1245.9,Champions
13862,2209.36,8,276.17,2209.36,Champions
13863,305.78,1,305.78,305.78,Lost Customers
13865,501.56,4,125.39,501.56,Loyal Customers
13866,145.67000000000002,1,145.67000000000002,145.67000000000002,Lost Customers
13867,1015.29,3,338.43,1015.29,Loyal Customers
13868,3192.54,2,1596.27,3192.54,Potential Loyalists
13869,3104.95,4,776.2375,3104.95,Can't Lose Them
13870,2770.94,8,346.3675,2770.94,Champions
13871,6403.25,13,492.5576923076923,6403.25,Champions
13873,389.6,3,129.86666666666667,389.6,At Risk
13874,540.45,1,540.45,540.45,Hibernating
13875,1786.79,5,357.358,1786.79,Loyal Customers
13876,122.7,1,122.7,122.7,Hibernating
13877,117.24,1,117.24,117.24,Lost Customers
13878,1281.53,1,1281.53,1281.53,Hibernating
13880,3219.77,13,247.67461538461538,3219.77,Champions
13881,17159.52,20,857.976,17159.52,Champions
13882,1191.13,5,238.22600000000003,1191.13,Champions
13883,2674.48,5,534.896,2674.4799999999996,Champions
13884,787.6,5,157.52,787.6,Loyal Customers
13885,506.8,2,253.4,506.8,Hibernating
13886,243.56,1,243.56,243.56,Hibernating
13887,349.55,1,349.55,349.55,Lost Customers
13888,605.63,2,302.815,605.63,Hibernating
13889,416.90000000000003,1,416.90000000000003,416.90000000000003,Lost Customers
13890,1883.8100000000002,10,188.38100000000003,1883.8100000000004,Champions
13892,632.97,4,158.2425,632.97,Loyal Customers
13893,821.1,1,821.1,821.1,Hibernating
13894,564.62,3,188.20666666666668,564.62,Loyal Customers
13895,2593.07,4,648.2675,2593.07,Champions
13897,311.16,1,311.16,311.16,Hibernating
13898,155.93,1,155.93,155.93,Lost Customers
13899,388.52,2,194.26,388.52,Potential Loyalists
13900,740.95,3,246.98333333333335,740.95,At Risk
13901,2867.2,5,573.4399999999999,2867.2,Can't Lose Them
13904,332.64,2,166.32,332.64,Hibernating
13908,2369.55,4,592.3875,2369.55,Can't Lose Them
13911,2580.91,9,286.7677777777778,2580.91,Loyal Customers
13914,626.45,2,313.225,626.45,Potential Loyalists
13917,272.04,2,136.02,272.04,Hibernating
13918,1212.8400000000001,2,606.4200000000001,1212.8400000000001,Hibernating
13919,384.81,2,192.405,384.81,Hibernating
13922,172.25,1,172.25,172.25,Lost Customers
13923,351.13,1,351.13,351.13,Hibernating
13924,1838.8500000000001,6,306.475,1838.8500000000001,Champions
13925,678.25,4,169.5625,678.25,At Risk
13926,223.85000000000002,1,223.85000000000002,223.85000000000002,Hibernating
13927,348.99,1,348.99,348.99,Lost Customers
13928,464.57,4,116.1425,464.57,Potential Loyalists
13929,842.65,2,421.325,842.65,Hibernating
13930,337.34,2,168.67,337.34,Hibernating
13931,1237.53,2,618.765,1237.53,Hibernating
13932,307.4,1,307.4,307.4,Lost Customers
13933,608.7900000000001,2,304.39500000000004,608.7900000000001,Hibernating
13934,922.1,1,922.1,922.1,Hibernating
13936,376.58,1,376.58,376.58,Lost Customers
13937,158.85,1,158.85,158.85,Lost Customers
13938,71.66,1,71.66,71.66,Hibernating
13939,568.55,3,189.51666666666665,568.55,Loyal Customers
13940,839.14,4,209.785,839.14,Loyal Customers
13941,5112.96,5,1022.592,5112.96,Champions
13946,561.5699999999999,3,187.18999999999997,561.5699999999999,At Risk
13947,90.6,1,90.6,90.6,Hibernating
13948,102.0,1,102.0,102.0,Lost Customers
13949,2427.32,6,404.55333333333334,2427.32,Champions
13950,745.06,4,186.265,745.06,Loyal Customers
13951,674.45,3,224.8166666666667,674.45,At Risk
13952,3251.071,2,1625.5355,3251.071,Hibernating
13953,3515.68,7,502.23999999999995,3515.68,Champions
13954,439.92,2,219.96,439.92,Potential Loyalists
13955,322.96,2,161.48,322.96,At Risk
13956,1026.42,5,205.28400000000002,1026.42,Champions
13959,598.2,3,199.4,598.2,At Risk
13960,230.22,2,115.11,230.22,Potential Loyalists
13962,169.55,2,84.775,169.55,Potential Loyalists
13963,664.54,4,166.135,664.54,At Risk
13967,80.7,1,80.7,80.7,Lost Customers
13969,9053.94,18,502.99666666666667,9053.94,Champions
13971,2758.26,8,344.7825,2758.26,Champions
13972,190.25,2,95.125,190.25,At Risk
13973,264.7,1,264.7,264.7,Lost Customers
13974,413.59000000000003,1,413.59000000000003,413.59000000000003,Hibernating
13975,2526.28,6,421.0466666666667,2526.28,Champions
13976,357.98,1,357.98,357.98,Lost Customers
13978,196.79000000000002,2,98.39500000000001,196.79000000000002,Potential Loyalists
13979,869.87,1,869.87,869.87,Hibernating
13980,200.14,1,200.14,200.14,Hibernating
13982,1871.81,4,467.9525,1871.81,Loyal Customers
13983,2603.43,12,216.9525,2603.43,Champions
13984,920.51,5,184.102,920.51,Loyal Customers
13985,7060.13,15,470.67533333333336,7060.13,Champions
13986,320.46,1,320.46,320.46,Hibernating
13988,4147.96,6,691.3266666666667,4147.96,Champions
13989,1266.08,2,633.04,1266.08,Loyal Customers
13990,311.3,1,311.3,311.3,Lost Customers
13991,855.97,6,142.66166666666666,855.97,Loyal Customers
13992,76.8,1,76.8,76.8,Hibernating
13993,3466.36,9,385.1511111111111,3466.36,Loyal Customers
13994,2313.14,6,385.5233333333333,2313.14,Champions
13995,1393.69,5,278.738,1393.69,Champions
13999,3901.81,12,325.1508333333333,3901.8099999999995,Champions
14000,635.66,1,635.66,635.66,Hibernating
14001,2043.0800000000002,3,681.0266666666668,2043.0800000000004,Loyal Customers
14002,529.73,2,264.865,529.73,At Risk
14004,4582.64,7,654.6628571428572,4582.64,Loyal Customers
14005,2874.72,5,574.944,2874.72,Champions
14006,962.19,3,320.73,962.19,At Risk
14009,695.61,2,347.805,695.61,At Risk
14012,328.8,1,328.8,328.8,Lost Customers
14013,473.02,3,157.67333333333332,473.02,At Risk
14014,505.18,1,505.18,505.18,Hibernating
14015,917.34,1,917.34,917.34,Hibernating
14016,4341.21,4,1085.3025,4341.21,Can't Lose Them
14019,1421.61,3,473.86999999999995,1421.61,Loyal Customers
14020,642.8,2,321.4,642.8,Loyal Customers
14021,631.9,3,210.63333333333333,631.9,At Risk
14022,440.0,1,440.0,440.0,Lost Customers
14023,584.07,2,292.035,584.07,Loyal Customers
14024,327.7,2,163.85,327.7,At Risk
14027,104.82,1,104.82,104.82,Hibernating
14029,467.66,2,233.83,467.66,At Risk
14030,2360.09,8,295.01125,2360.09,Champions
14031,17286.86,19,909.8347368421053,17286.86,Champions
14032,2975.59,11,270.5081818181818,2975.59,Champions
14034,651.8199999999999,3,217.2733333333333,651.8199999999999,Loyal Customers
14035,1428.02,5,285.604,1428.02,Champions
14036,626.65,1,626.65,626.65,Hibernating
14037,147.20000000000002,2,73.60000000000001,147.20000000000002,At Risk
14038,1560.38,3,520.1266666666667,1560.38,At Risk
14039,152.2,1,152.2,152.2,Hibernating
14040,3614.92,12,301.24333333333334,3614.92,Loyal Customers
14041,141.41,1,141.41,141.41,Lost Customers
14044,652.82,4,163.205,652.82,Loyal Customers
14045,1659.75,4,414.9375,1659.75,Can't Lose Them
14046,154.99,1,154.99,154.99,Lost Customers
14047,1308.6100000000001,5,261.72200000000004,1308.6100000000001,Champions
14048,409.93,1,409.93,409.93,Lost Customers
14049,5681.72,4,1420.43,5681.72,Champions
14050,746.36,2,373.18,746.36,Loyal Customers
14051,15610.390000000001,23,678.7126086956522,15610.390000000001,Champions
14052,225.36,1,225.36,225.36,Hibernating
14053,260.25,2,130.125,260.25,At Risk
14054,92.46,1,92.46,92.46,Hibernating
14055,725.6400000000001,1,725.6400000000001,725.6400000000001,Hibernating
14056,8214.65,23,357.1586956521739,8214.65,Champions
14057,6217.96,17,365.76235294117646,6217.96,Champions
14059,183.6,1,183.6,183.6,Lost Customers
14060,6140.42,19,323.18,6140.42,Champions
14062,10464.85,12,872.0708333333333,10464.85,Champions
14064,1353.74,5,270.748,1353.74,Champions
14066,152.55,1,152.55,152.55,Lost Customers
14067,374.7,2,187.35,374.7,At Risk
14068,265.85,1,265.85,265.85,Lost Customers
14071,1438.82,8,179.8525,1438.82,Champions
14073,151.04,1,151.04,151.04,Hibernating
14075,942.26,3,314.08666666666664,942.26,Loyal Customers
14076,122.47,1,122.47,122.47,Lost Customers
14077,499.41999999999996,5,99.88399999999999,499.41999999999996,Loyal Customers
14078,1049.37,6,174.89499999999998,1049.37,Can't Lose Them
14079,375.1,1,375.1,375.1,Lost Customers
14080,45.599999999999994,1,45.599999999999994,45.599999999999994,Hibernating
14081,934.52,2,467.26,934.52,At Risk
14082,182.25,1,182.25,182.25,Lost Customers
14083,1018.43,9,113.15888888888888,1018.43,Champions
14085,4448.54,18,247.14111111111112,4448.54,Champions
14087,194.42,1,194.42,194.42,New Customers
14088,50491.81,13,3883.9853846153846,50491.81,Champions
14089,161.0,1,161.0,161.0,Hibernating
14090,76.32000000000001,1,76.32000000000001,76.32000000000001,Lost Customers
14092,4076.91,14,291.2078571428571,4076.9099999999994,Champions
14093,442.85,1,442.85,442.85,New Customers
14096,65164.79,17,3833.2229411764706,65164.79,Champions
14098,147.35,1,147.35,147.35,Hibernating
14099,3104.17,11,282.1972727272727,3104.17,Champions
14100,194.9,1,194.9,194.9,Lost Customers
14101,5976.79,6,996.1316666666667,5976.79,Can't Lose Them
14102,1360.28,5,272.056,1360.28,Champions
14104,216.20999999999998,2,108.10499999999999,216.20999999999998,At Risk
14105,1266.23,1,1266.23,1266.23,Hibernating
14107,2703.23,7,386.17571428571426,2703.23,Loyal Customers
14108,597.91,2,298.955,597.91,Loyal Customers
14109,144.2,1,144.2,144.2,Lost Customers
14110,5683.15,12,473.5958333333333,5683.15,Champions
14111,692.85,4,173.2125,692.85,Loyal Customers
14112,2915.15,7,416.45,2915.15,Champions
14113,1840.42,4,460.105,1840.42,Champions
14114,386.53,2,193.265,386.53,At Risk
14116,1382.74,5,276.548,1382.74,Champions
14117,90.0,1,90.0,90.0,Lost Customers
14121,2780.15,4,695.0375,2780.15,Champions
14124,419.58000000000004,1,419.58000000000004,419.58000000000004,Lost Customers
14125,2740.43,3,913.4766666666666,2740.43,Loyal Customers
14126,706.1300000000001,3,235.3766666666667,706.1300000000001,Loyal Customers
14127,709.71,3,236.57000000000002,709.71,At Risk
14128,637.5,2,318.75,637.5,Loyal Customers
14129,1123.8600000000001,5,224.77200000000002,1123.8600000000001,Champions
14130,483.86,1,483.86,483.86,Lost Customers
14132,3586.0299999999997,11,326.00272727272727,3586.0299999999997,Champions
14133,605.64,3,201.88,605.64,At Risk
14135,4690.31,15,312.68733333333336,4690.31,Champions
14138,982.3800000000001,2,491.19000000000005,982.3800000000001,Loyal Customers
14139,415.82,1,415.82,415.82,Hibernating
14140,935.05,2,467.525,935.05,Loyal Customers
14141,915.13,4,228.7825,915.13,Loyal Customers
14142,311.81,1,311.81,311.81,Lost Customers
14143,115.8,1,115.8,115.8,Lost Customers
14145,3742.2,4,935.55,3742.2,Loyal Customers
14146,4191.0,5,838.2,4191.0,Champions
14147,483.4,2,241.7,483.4,At Risk
14148,157.2,1,157.2,157.2,Lost Customers
14149,446.62,1,446.62,446.62,Lost Customers
14150,658.64,2,329.32,658.64,Loyal Customers
14152,621.29,2,310.645,621.29,At Risk
14154,1345.62,2,672.81,1345.62,At Risk
14155,118.75,1,118.75,118.75,Lost Customers
14156,117379.63,55,2134.175090909091,117379.63,Champions
14157,432.88,2,216.44,432.88,Potential Loyalists
14158,507.66,1,507.66,507.66,Hibernating
14159,4693.01,11,426.6372727272728,4693.01,Champions
14161,1110.52,3,370.17333333333335,1110.52,At Risk
14162,289.36,2,144.68,289.36,At Risk
14163,2445.91,4,611.4775,2445.91,Can't Lose Them
14164,1631.77,2,815.885,1631.77,Loyal Customers
14165,122.53999999999999,1,122.53999999999999,122.53999999999999,Lost Customers
14167,574.84,4,143.71,574.84,Loyal Customers
14171,363.79,1,363.79,363.79,Lost Customers
14173,450.84,4,112.71,450.84,Potential Loyalists
14174,134.46,1,134.46,134.46,Hibernating
14175,3222.3,3,1074.1000000000001,3222.3,Loyal Customers
14176,576.9000000000001,4,144.22500000000002,576.9000000000001,At Risk
14177,559.41,4,139.8525,559.41,At Risk
14178,1620.93,7,231.5614285714286,1620.93,Champions
14179,719.78,2,359.89,719.78,Loyal Customers
14180,4748.52,25,189.94080000000002,4748.52,Champions
14184,452.89,1,452.89,452.89,Hibernating
14185,197.65,1,197.65,197.65,Lost Customers
14188,2054.36,6,342.3933333333334,2054.36,Champions
14189,4654.08,15,310.272,4654.08,Champions
14191,4684.76,13,360.36615384615385,4684.76,Champions
14193,853.39,2,426.695,853.39,Loyal Customers
14194,11349.52,21,540.4533333333334,11349.52,Champions
14195,1012.0,2,506.0,1012.0,At Risk
14196,335.52,1,335.52,335.52,Lost Customers
14198,701.4,4,175.35,701.4,Loyal Customers
14199,185.39999999999998,1,185.39999999999998,185.39999999999998,Lost Customers
14201,747.44,7,106.77714285714286,747.44,Loyal Customers
14204,161.03,1,161.03,161.03,New Customers
14205,466.7,2,233.35,466.7,Potential Loyalists
14206,328.15999999999997,1,328.15999999999997,328.15999999999997,Lost Customers
14208,151.74,1,151.74,151.74,Lost Customers
14209,2073.43,6,345.57166666666666,2073.43,Champions
14210,1905.8400000000001,6,317.64000000000004,1905.8400000000001,Can't Lose Them
14211,2241.1,9,249.0111111111111,2241.1,Loyal Customers
14212,1070.48,1,1070.48,1070.48,Hibernating
14214,1004.38,5,200.876,1004.38,Champions
14215,1789.72,6,298.2866666666667,1789.7200000000003,Champions
14216,1839.3,4,459.825,1839.3,Champions
14217,2004.98,17,117.94,2004.98,Champions
14218,169.48000000000002,1,169.48000000000002,169.48000000000002,Hibernating
14219,89.94,1,89.94,89.94,New Customers
14220,632.4,2,316.2,632.4,At Risk
14221,3432.8,9,381.4222222222222,3432.8,Loyal Customers
14222,683.17,1,683.17,683.17,Hibernating
14223,991.13,3,330.37666666666667,991.13,At Risk
14224,1050.12,4,262.53,1050.12,Can't Lose Them
14226,2232.19,5,446.438,2232.19,Champions
14227,3350.96,10,335.096,3350.96,Champions
14229,1547.2,3,515.7333333333333,1547.2,Loyal Customers
14231,925.71,3,308.57,925.71,At Risk
14232,2048.07,5,409.61400000000003,2048.07,Loyal Customers
14233,1462.72,4,365.68,1462.72,Loyal Customers
14234,775.46,4,193.865,775.46,Loyal Customers
14235,3144.86,5,628.972,3144.8599999999997,Can't Lose Them
14236,490.86,2,245.43,490.86,At Risk
14237,161.0,1,161.0,161.0,Lost Customers
14238,146.85,1,146.85,146.85,Lost Customers
14239,2380.85,11,216.4409090909091,2380.85,Loyal Customers
14240,890.34,2,445.17,890.34,Loyal Customers
14241,213.70000000000002,1,213.70000000000002,213.70000000000002,Lost Customers
14242,280.55,2,140.275,280.55,At Risk
14243,2588.77,10,258.877,2588.77,Champions
14245,1693.45,2,846.725,1693.45,At Risk
14246,1474.06,3,491.3533333333333,1474.06,At Risk
14247,136.76999999999998,1,136.76999999999998,136.76999999999998,Lost Customers
14248,302.58,1,302.58,302.58,Lost Customers
14250,1904.05,3,634.6833333333333,1904.0499999999997,Loyal Customers
14251,2879.7000000000003,5,575.94,2879.7000000000003,Champions
14256,969.0600000000001,2,484.53000000000003,969.0600000000001,At Risk
14257,3099.7200000000003,5,619.9440000000001,3099.7200000000003,Loyal Customers
14258,12669.98,9,1407.7755555555555,12669.98,Champions
14259,120.0,1,120.0,120.0,Lost Customers
14261,1163.45,2,581.725,1163.45,Loyal Customers
14262,2618.23,8,327.27875,2618.23,Champions
14264,333.97,2,166.985,333.97,At Risk
14265,530.18,2,265.09,530.18,At Risk
14267,1516.24,3,505.41333333333336,1516.24,At Risk
14270,492.65000000000003,1,492.65000000000003,492.65000000000003,Hibernating
14271,112.32,1,112.32,112.32,Lost Customers
14272,437.96,2,218.98,437.96,At Risk
14273,559.97,4,139.9925,559.97,Loyal Customers
14276,1119.74,3,373.24666666666667,1119.74,At Risk
14277,4216.2,3,1405.3999999999999,4216.2,Loyal Customers
14280,134.04,1,134.04,134.04,Lost Customers
14282,3729.34,15,248.62266666666667,3729.34,Champions
14284,595.25,2,297.625,595.25,Loyal Customers
14285,1910.01,4,477.5025,1910.01,Champions
14286,4628.75,3,1542.9166666666667,4628.75,Loyal Customers
14287,176.63,3,58.876666666666665,176.63,Potential Loyalists
14288,426.6,1,426.6,426.6,Lost Customers
14289,911.26,6,151.87666666666667,911.26,Loyal Customers
14290,2314.65,5,462.93,2314.65,Champions
14291,3883.25,11,353.02272727272725,3883.25,Champions
14292,4871.93,9,541.3255555555556,4871.93,Champions
14293,1046.56,4,261.64,1046.56,Champions
14295,166.20000000000002,1,166.20000000000002,166.20000000000002,Hibernating
14297,1305.33,4,326.3325,1305.33,Champions
14298,51527.3,44,1171.075,51527.3,Champions
14299,3965.62,9,440.6244444444444,3965.62,Champions
14300,43.2,1,43.2,43.2,Hibernating
14301,640.14,1,640.14,640.14,Hibernating
14304,383.45,1,383.45,383.45,Lost Customers
14305,1858.96,3,619.6533333333333,1858.96,Loyal Customers
14306,2093.32,2,1046.66,2093.32,Loyal Customers
14307,2995.72,6,499.28666666666663,2995.72,Can't Lose Them
14309,2352.53,9,261.39222222222224,2352.53,Champions
14311,310.26,1,310.26,310.26,Lost Customers
14312,1611.59,6,268.5983333333333,1611.5899999999997,Loyal Customers
14314,120.0,1,120.0,120.0,Lost Customers
14315,2481.13,6,413.5216666666667,2481.13,Loyal Customers
14317,508.58000000000004,1,508.58000000000004,508.58000000000004,Hibernating
14320,477.79,2,238.895,477.79,At Risk
14321,1530.75,5,306.15,1530.75,Champions
14323,605.0600000000001,2,302.53000000000003,605.0600000000001,At Risk
14326,183.85,1,183.85,183.85,Lost Customers
14327,311.65,1,311.65,311.65,Lost Customers
14329,5014.84,7,716.4057142857143,5014.84,Champions
14331,462.65999999999997,2,231.32999999999998,462.65999999999997,At Risk
14332,866.31,3,288.77,866.31,Loyal Customers
14333,415.2,1,415.2,415.2,Hibernating
14334,2552.21,8,319.02625,2552.21,Champions
14335,468.26,2,234.13,468.26,Potential Loyalists
14336,1614.91,4,403.7275,1614.91,Champions
14338,588.22,2,294.11,588.22,At Risk
14339,309.52,1,309.52,309.52,Lost Customers
14340,134.7,1,134.7,134.7,Lost Customers
14341,2182.28,8,272.785,2182.28,Loyal Customers
14342,668.5600000000001,4,167.14000000000001,668.5600000000001,Loyal Customers
14344,889.9300000000001,8,111.24125000000001,889.9300000000001,At Risk
14345,108.97999999999999,1,108.97999999999999,108.97999999999999,Hibernating
14346,1021.58,2,510.79,1021.58,At Risk
14348,409.57,1,409.57,409.57,Lost Customers
14349,133.5,1,133.5,133.5,New Customers
14350,282.93,1,282.93,282.93,Lost Customers
14351,51.0,1,51.0,51.0,Lost Customers
14352,1078.96,4,269.74,1078.96,Can't Lose Them
14353,90.6,1,90.6,90.6,Lost Customers
14354,163.62,2,81.81,163.62,Potential Loyalists
14355,174.4,1,174.4,174.4,Lost Customers
14356,701.23,2,350.615,701.23,At Risk
14357,225.77,1,225.77,225.77,Hibernating
14359,912.18,3,304.06,912.1800000000001,Loyal Customers
14360,2128.23,4,532.0575,2128.23,Champions
14362,161.2,1,161.2,161.2,Hibernating
14364,3717.35,8,464.66875,3717.35,Can't Lose Them
14367,9261.52,16,578.845,9261.52,Champions
14368,155.0,1,155.0,155.0,Lost Customers
14371,100.5,1,100.5,100.5,Lost Customers
14373,76.55,1,76.55,76.55,Lost Customers
14375,257.68,1,257.68,257.68,Lost Customers
14377,617.05,2,308.525,617.05,At Risk
14379,348.1,2,174.05,348.1,At Risk
14381,202.68,1,202.68,202.68,Hibernating
14382,626.0699999999999,1,626.0699999999999,626.0699999999999,Hibernating
14383,1247.69,3,415.8966666666667,1247.69,Loyal Customers
14385,202.11,3,67.37,202.11,Potential Loyalists
14386,142.4,1,142.4,142.4,Lost Customers
14387,1770.56,3,590.1866666666666,1770.56,Loyal Customers
14388,3212.84,8,401.605,3212.84,Champions
14389,1043.46,2,521.73,1043.46,Loyal Customers
14390,4652.82,9,516.98,4652.82,Champions
14393,67.95,1,67.95,67.95,Lost Customers
14395,3507.71,9,389.74555555555554,3507.71,Champions
14396,487.99,2,243.995,487.99,At Risk
14397,2612.96,19,137.52421052631578,2612.96,Champions
14400,574.7,1,574.7,574.7,Hibernating
14401,4051.48,13,311.6523076923077,4051.4800000000005,Champions
14403,1475.81,4,368.9525,1475.81,Can't Lose Them
14404,1474.32,6,245.72,1474.32,Loyal Customers
14406,156.75,1,156.75,156.75,Lost Customers
14407,2157.73,6,359.62166666666667,2157.73,Can't Lose Them
14408,2606.53,7,372.3614285714286,2606.53,Champions
14409,2059.4500000000003,6,343.24166666666673,2059.4500000000003,Loyal Customers
14410,1105.07,9,122.78555555555555,1105.07,Can't Lose Them
14411,1063.0,1,1063.0,1063.0,Hibernating
14412,770.03,2,385.015,770.03,Loyal Customers
14413,122.7,1,122.7,122.7,Lost Customers
14414,1496.98,7,213.8542857142857,1496.98,Can't Lose Them
14415,5900.28,13,453.86769230769227,5900.28,Champions
14416,490.22,2,245.11,490.22,Loyal Customers
14418,1937.25,3,645.75,1937.25,Loyal Customers
14419,1058.06,6,176.34333333333333,1058.06,Champions
14420,387.52,1,387.52,387.52,Lost Customers
14421,813.11,2,406.555,813.11,Loyal Customers
14422,4263.64,6,710.6066666666667,4263.64,Champions
14423,265.2,1,265.2,265.2,Lost Customers
14424,322.08,1,322.08,322.08,Hibernating
14426,4481.67,10,448.16700000000003,4481.67,Champions
14427,363.34000000000003,2,181.67000000000002,363.34000000000003,At Risk
14428,1244.83,5,248.96599999999998,1244.83,Champions
14431,470.36,1,470.36,470.36,Lost Customers
14432,2255.51,6,375.91833333333335,2255.51,Champions
14434,1372.8,6,228.79999999999998,1372.8,Champions
14436,89.06,1,89.06,89.06,Lost Customers
14437,63.0,1,63.0,63.0,Lost Customers
14438,131.9,1,131.9,131.9,Lost Customers
14439,2661.24,1,2661.24,2661.24,Hibernating
14440,2357.6800000000003,5,471.53600000000006,2357.6800000000003,Champions
14441,1712.89,4,428.2225,1712.89,Champions
14442,1589.82,2,794.91,1589.82,At Risk
14443,1420.2,4,355.05,1420.2,Loyal Customers
14446,1039.58,4,259.895,1039.58,Champions
14447,1163.23,5,232.64600000000002,1163.23,Champions
14448,375.35,2,187.675,375.35,Potential Loyalists
14449,907.1,4,226.775,907.1,Loyal Customers
14450,483.25,3,161.08333333333334,483.25,At Risk
14451,662.59,2,331.295,662.59,Loyal Customers
14452,264.44,2,132.22,264.44,Potential Loyalists
14453,119.93,1,119.93,119.93,Lost Customers
14456,3062.4,9,340.26666666666665,3062.3999999999996,Champions
14457,113.64,1,113.64,113.64,Lost Customers
14459,1837.92,1,1837.92,1837.92,Hibernating
14460,434.34,3,144.78,434.34000000000003,At Risk
14461,2103.06,3,701.02,2103.06,At Risk
14462,2004.02,11,182.18363636363637,2004.02,Loyal Customers
14463,529.62,3,176.54,529.62,At Risk
14465,1058.6200000000001,3,352.8733333333334,1058.6200000000001,At Risk
14466,2272.4,7,324.62857142857143,2272.4,Champions
14467,598.76,4,149.69,598.76,Loyal Customers
14470,461.19,2,230.595,461.19,Potential Loyalists
14472,1936.84,8,242.105,1936.84,Can't Lose Them
14473,234.34000000000003,2,117.17000000000002,234.34000000000003,At Risk
14474,547.66,1,547.66,547.66,Hibernating
14475,925.85,3,308.6166666666667,925.85,At Risk
14476,215.7,1,215.7,215.7,Lost Customers
14477,1309.6,4,327.4,1309.6,Champions
14479,316.25,2,158.125,316.25,At Risk
14480,279.05,1,279.05,279.05,New Customers
14481,636.51,2,318.255,636.51,At Risk
14482,2068.15,6,344.69166666666666,2068.15,Champions
14483,137.1,1,137.1,137.1,Lost Customers
14484,321.92,1,321.92,321.92,Hibernating
14485,165.75,1,165.75,165.75,Hibernating
14487,1196.33,6,199.38833333333332,1196.33,Champions
14488,1064.28,1,1064.28,1064.28,Hibernating
14489,463.38,1,463.38,463.38,Lost Customers
14491,340.93,2,170.465,340.93,At Risk
14493,2383.2400000000002,5,476.648,2383.2400000000002,Champions
14494,139.56,1,139.56,139.56,Hibernating
14495,123.8,2,61.9,123.8,At Risk
14496,538.8100000000001,2,269.40500000000003,538.8100000000001,At Risk
14497,475.37,1,475.37,475.37,Lost Customers
14498,1957.32,5,391.464,1957.32,Loyal Customers
14499,815.32,3,271.77333333333337,815.3200000000002,Loyal Customers
14500,356.85,3,118.95,356.85,At Risk
14501,251.21,2,125.605,251.21,At Risk
14502,2470.67,11,224.60636363636365,2470.67,Champions
14503,3543.26,6,590.5433333333334,3543.26,Champions
14504,673.26,4,168.315,673.26,Loyal Customers
14505,5905.64,8,738.205,5905.64,Champions
14506,2012.17,5,402.434,2012.17,Champions
14507,1383.18,6,230.53,1383.18,Champions
14508,276.42,2,138.21,276.42,Potential Loyalists
14511,1314.81,5,262.962,1314.81,Champions
14512,275.28,2,137.64,275.28,At Risk
14513,455.59000000000003,3,151.86333333333334,455.59000000000003,At Risk
14514,1055.35,3,351.7833333333333,1055.35,Loyal Customers
14515,2102.09,6,350.34833333333336,2102.09,Champions
14517,330.45,2,165.225,330.45,At Risk
14518,174.37,1,174.37,174.37,Hibernating
14520,270.6,2,135.3,270.6,Potential Loyalists
14522,974.54,4,243.635,974.54,Champions
14523,241.09,1,241.09,241.09,Lost Customers
14524,1867.68,9,207.52,1867.68,Champions
14525,4332.2,9,481.35555555555555,4332.2,Champions
14527,8508.82,55,154.7058181818182,8508.82,Champions
14528,364.21999999999997,1,364.21999999999997,364.21999999999997,Hibernating
14529,620.04,3,206.67999999999998,620.04,Loyal Customers
14530,2925.91,6,487.65166666666664,2925.91,Champions
14532,932.85,4,233.2125,932.85,At Risk
14533,1949.72,7,278.5314285714286,1949.7200000000003,Champions
14534,4447.05,18,247.05833333333334,4447.05,Champions
14535,2864.19,3,954.73,2864.19,Loyal Customers
14536,171.8,1,171.8,171.8,Lost Customers
14537,355.56,1,355.56,355.56,Hibernating
14538,388.25,2,194.125,388.25,At Risk
14539,537.48,2,268.74,537.48,Loyal Customers
14540,996.26,3,332.08666666666664,996.26,Loyal Customers
14541,1461.65,8,182.70625,1461.65,Loyal Customers
14542,103.25,1,103.25,103.25,Lost Customers
14543,3630.33,16,226.895625,3630.33,Champions
14544,2024.45,2,1012.225,2024.45,Loyal Customers
14546,2578.09,5,515.618,2578.09,Champions
14547,4007.54,8,500.9425,4007.54,Champions
14548,652.8,2,326.4,652.8,At Risk
14549,289.24,1,289.24,289.24,Lost Customers
14550,765.62,2,382.81,765.62,Loyal Customers
14551,186.23,2,93.115,186.23,Potential Loyalists
14552,165.07,1,165.07,165.07,Lost Customers
14553,859.27,5,171.85399999999998,859.27,Loyal Customers
14554,2381.04,4,595.26,2381.04,Champions
14555,324.14,2,162.07,324.14,At Risk
14557,788.38,1,788.38,788.38,Hibernating
14560,2237.77,22,101.71681818181818,2237.77,Champions
14561,1080.76,3,360.25333333333333,1080.76,At Risk
14562,5074.77,18,281.9316666666667,5074.77,Champions
14565,3099.12,4,774.78,3099.12,Can't Lose Them
14566,1432.0,1,1432.0,1432.0,Hibernating
14567,1530.3600000000001,2,765.1800000000001,1530.3600000000001,Loyal Customers
14569,227.39,1,227.39,227.39,New Customers
14570,218.06,2,109.03,218.06,At Risk
14572,2832.84,7,404.6914285714286,2832.84,Champions
14573,1653.42,9,183.71333333333334,1653.42,Can't Lose Them
14576,35.400000000000006,1,35.400000000000006,35.400000000000006,Lost Customers
14577,859.71,4,214.9275,859.71,Loyal Customers
14578,168.63,1,168.63,168.63,New Customers
14581,138.6,1,138.6,138.6,Hibernating
14582,114.11,1,114.11,114.11,Hibernating
14583,1052.55,5,210.51,1052.55,Champions
14584,1042.26,4,260.565,1042.26,Can't Lose Them
14585,157.05,1,157.05,157.05,Hibernating
14586,237.36,1,237.36,237.36,Lost Customers
14587,1601.14,9,177.90444444444447,1601.14,Champions
14589,39.75,1,39.75,39.75,Lost Customers
14591,1447.14,4,361.785,1447.14,Champions
14592,570.46,3,190.15333333333334,570.46,Loyal Customers
14593,617.99,3,205.99666666666667,617.99,Loyal Customers
14594,379.83,2,189.915,379.83,Potential Loyalists
14595,1740.6,6,290.09999999999997,1740.6,Champions
14597,883.15,2,441.575,883.15,Loyal Customers
14598,221.97,1,221.97,221.97,Hibernating
14600,393.33000000000004,1,393.33000000000004,393.33000000000004,Lost Customers
14601,213.96,1,213.96,213.96,New Customers
14603,660.0,1,660.0,660.0,Hibernating
14606,12156.65,93,130.71666666666667,12156.65,Champions
14607,16569.5,14,1183.5357142857142,16569.5,Champions
14608,1785.15,4,446.2875,1785.15,Champions
14609,601.56,4,150.39,601.56,At Risk
14616,406.08000000000004,3,135.36,406.08000000000004,At Risk
14618,553.44,3,184.48000000000002,553.44,Loyal Customers
14619,394.44,1,394.44,394.44,Lost Customers
14620,412.78000000000003,2,206.39000000000001,412.78000000000003,At Risk
14621,1788.3600000000001,5,357.672,1788.3600000000001,Champions
14622,320.58000000000004,1,320.58000000000004,320.58000000000004,Lost Customers
14623,889.25,5,177.85,889.25,Loyal Customers
14624,225.85,2,112.925,225.85,At Risk
14625,899.63,2,449.815,899.63,At Risk
14626,2791.27,4,697.8175,2791.27,Champions
14628,671.96,2,335.98,671.96,At Risk
14629,959.01,2,479.505,959.01,Loyal Customers
14631,1006.98,3,335.66,1006.98,Loyal Customers
14632,114.56,1,114.56,114.56,Lost Customers
14633,344.90000000000003,1,344.90000000000003,344.90000000000003,Lost Customers
14636,609.85,2,304.925,609.85,Loyal Customers
14638,443.6,1,443.6,443.6,Hibernating
14639,2984.49,6,497.41499999999996,2984.49,Loyal Customers
14640,2125.08,6,354.18,2125.08,Champions
14641,110.46,1,110.46,110.46,Hibernating
14642,96.12,1,96.12,96.12,Hibernating
14643,693.8100000000001,2,346.90500000000003,693.8100000000001,At Risk
14644,830.76,2,415.38,830.76,Loyal Customers
14645,597.09,2,298.545,597.09,At Risk
14646,280206.02,73,3838.4386301369864,280206.02,Champions
14647,243.22,1,243.22,243.22,Lost Customers
14649,1417.29,4,354.3225,1417.29,Champions
14651,654.6,2,327.3,654.6,Loyal Customers
14652,114.18,1,114.18,114.18,Lost Customers
14653,1947.55,7,278.2214285714286,1947.5500000000002,Champions
14655,1932.23,4,483.0575,1932.23,Champions
14656,291.05,2,145.525,291.05,At Risk
14657,848.22,4,212.055,848.22,Loyal Customers
14658,247.15,2,123.575,247.15,Potential Loyalists
14659,2529.93,9,281.1033333333333,2529.93,Champions
14660,285.74,2,142.87,285.74,At Risk
14661,107.95,1,107.95,107.95,Hibernating
14662,771.17,4,192.7925,771.17,Loyal Customers
14664,637.89,2,318.945,637.89,Loyal Customers
14665,1835.7,5,367.14,1835.6999999999998,Loyal Customers
14666,195.25,1,195.25,195.25,Hibernating
14667,9241.2,25,369.648,9241.2,Champions
14669,1269.99,3,423.33,1269.99,At Risk
14670,411.53,2,205.765,411.53,At Risk
14672,765.55,2,382.775,765.55,At Risk
14673,1736.4,5,347.28000000000003,1736.4,Champions
14675,604.75,1,604.75,604.75,Hibernating
14676,2548.2400000000002,6,424.7066666666667,2548.2400000000002,Champions
14680,28754.11,16,1797.131875,28754.11,Champions
14681,498.95,3,166.31666666666666,498.95,Loyal Customers
14682,52.0,2,26.0,52.0,At Risk
14684,1236.28,5,247.256,1236.28,Champions
14687,628.38,1,628.38,628.38,Hibernating
14688,5630.87,21,268.13666666666666,5630.87,Champions
14689,112.8,1,112.8,112.8,Lost Customers
14690,371.7,2,185.85,371.7,At Risk
14691,2114.33,5,422.866,2114.33,Champions
14692,591.55,4,147.8875,591.55,At Risk
14693,172.9,1,172.9,172.9,Lost Customers
14696,2078.95,7,296.99285714285713,2078.95,Champions
14697,188.60999999999999,2,94.30499999999999,188.60999999999999,At Risk
14698,1250.76,5,250.152,1250.76,Champions
14699,109.13000000000001,1,109.13000000000001,109.13000000000001,Lost Customers
14700,2235.3,3,745.1,2235.3,Loyal Customers
14701,2549.37,9,283.2633333333333,2549.37,Champions
14702,3292.14,17,193.65529411764706,3292.14,Champions
14703,318.17,1,318.17,318.17,Hibernating
14704,1546.91,9,171.8788888888889,1546.91,Champions
14705,179.0,1,179.0,179.0,Lost Customers
14708,1126.37,3,375.45666666666665,1126.37,Loyal Customers
14709,4921.04,13,378.54153846153844,4921.04,Champions
14710,606.13,4,151.5325,606.13,Loyal Customers
14711,2868.8,11,260.8,2868.8,Champions
14712,917.07,3,305.69,917.0699999999999,Loyal Customers
14713,2666.36,11,242.39636363636365,2666.36,Champions
14714,160.19,1,160.19,160.19,Hibernating
14715,867.38,4,216.845,867.38,Loyal Customers
14716,329.68,2,164.84,329.68,At Risk
14719,1602.13,5,320.42600000000004,1602.13,Champions
14720,663.81,3,221.26999999999998,663.81,Loyal Customers
14722,187.92000000000002,1,187.92000000000002,187.92000000000002,Lost Customers
14723,1158.3,6,193.04999999999998,1158.3,Champions
14725,718.08,1,718.08,718.08,Hibernating
14727,268.58,1,268.58,268.58,Lost Customers
14729,313.49,1,313.49,313.49,Lost Customers
14730,2005.06,8,250.6325,2005.06,Champions
14731,380.02,3,126.67333333333333,380.02,At Risk
14732,2702.4900000000002,8,337.81125000000003,2702.4900000000002,Champions
14733,9585.91,12,798.8258333333333,9585.91,Champions
14735,6065.69,32,189.5528125,6065.69,Champions
14737,1164.55,3,388.18333333333334,1164.55,Loyal Customers
14738,1314.45,7,187.77857142857144,1314.45,Loyal Customers
14739,3902.28,7,557.4685714285714,3902.2799999999997,Champions
14740,1448.21,3,482.7366666666667,1448.21,At Risk
14741,1400.34,6,233.39,1400.34,Champions
14744,1099.98,7,157.14000000000001,1099.98,Champions
14745,1220.26,5,244.052,1220.26,Can't Lose Them
14747,328.2,1,328.2,328.2,Lost Customers
14748,1415.75,5,283.15,1415.75,Champions
14752,389.64,1,389.64,389.64,Hibernating
14753,563.15,1,563.15,563.15,Hibernating
14754,638.05,2,319.025,638.05,Loyal Customers
14755,5010.28,11,455.47999999999996,5010.28,Champions
14756,738.96,1,738.96,738.96,Hibernating
14757,420.5,1,420.5,420.5,Lost Customers
14758,1484.06,4,371.015,1484.06,Can't Lose Them
14759,1625.97,3,541.99,1625.97,Loyal Customers
14760,89.2,1,89.2,89.2,Lost Customers
14761,255.9,2,127.95,255.9,At Risk
14762,300.52,1,300.52,300.52,Lost Customers
14764,278.3,1,278.3,278.3,Hibernating
14765,254.11,3,84.70333333333333,254.11,Potential Loyalists
14766,2473.37,6,412.2283333333333,2473.37,Champions
14768,192.60000000000002,2,96.30000000000001,192.60000000000002,Potential Loyalists
14769,10674.75,8,1334.34375,10674.75,Champions
14770,876.42,2,438.21,876.42,At Risk
14772,139.26,1,139.26,139.26,Lost Customers
14775,1011.9,3,337.3,1011.9000000000001,Loyal Customers
14776,2538.3,11,230.75454545454548,2538.3,Loyal Customers
14778,730.86,2,365.43,730.86,At Risk
14779,386.15,3,128.71666666666667,386.15,At Risk
14780,447.68,2,223.84,447.68,At Risk
14782,200.10000000000002,1,200.10000000000002,200.10000000000002,Lost Customers
14784,289.99,2,144.995,289.99,Potential Loyalists
14785,77.4,2,38.7,77.4,Potential Loyalists
14788,679.4399999999999,2,339.71999999999997,679.4399999999999,Loyal Customers
14789,197.64,1,197.64,197.64,Hibernating
14790,745.06,4,186.265,745.06,Loyal Customers
14792,6.2,1,6.2,6.2,Hibernating
14793,228.99,1,228.99,228.99,Hibernating
14794,1319.91,7,188.55857142857144,1319.91,Champions
14795,131.45000000000002,1,131.45000000000002,131.45000000000002,Lost Customers
14796,8022.49,17,471.9111764705882,8022.49,Champions
14798,173.74,3,57.913333333333334,173.74,At Risk
14799,157.7,1,157.7,157.7,Hibernating
14800,4339.74,12,361.645,4339.74,Loyal Customers
14801,193.14,1,193.14,193.14,Hibernating
14803,845.55,3,281.84999999999997,845.55,At Risk
14804,353.27,1,353.27,353.27,New Customers
14805,554.65,4,138.6625,554.65,Loyal Customers
14806,193.39000000000001,1,193.39000000000001,193.39000000000001,Lost Customers
14808,2741.17,8,342.64625,2741.17,Loyal Customers
14810,2087.88,11,189.80727272727273,2087.88,Loyal Customers
14813,155.43,2,77.715,155.43,At Risk
14815,778.5,2,389.25,778.5,Loyal Customers
14816,271.85,1,271.85,271.85,Lost Customers
14817,1110.34,2,555.17,1110.34,At Risk
14818,657.8,3,219.26666666666665,657.8,At Risk
14819,272.07,2,136.035,272.07,At Risk
14820,507.29,4,126.8225,507.29,Loyal Customers
14821,48.800000000000004,1,48.800000000000004,48.800000000000004,Lost Customers
14823,321.43,3,107.14333333333333,321.43,At Risk
14824,1127.71,4,281.9275,1127.71,Champions
14825,2226.91,12,185.57583333333332,2226.91,Champions
14828,2139.76,3,713.2533333333334,2139.76,At Risk
14829,697.55,4,174.3875,697.55,Loyal Customers
14830,197.13,1,197.13,197.13,Hibernating
14834,1720.3,6,286.71666666666664,1720.2999999999997,Champions
14836,102.44999999999999,3,34.15,102.44999999999999,Potential Loyalists
14837,1649.5,4,412.375,1649.5,Can't Lose Them
14840,62.85,1,62.85,62.85,Lost Customers
14841,3295.76,6,549.2933333333334,3295.76,Loyal Customers
14842,2824.69,4,706.1725,2824.69,Loyal Customers
14844,3189.81,4,797.4525,3189.81,Loyal Customers
14847,309.4,1,309.4,309.4,Lost Customers
14849,7930.54,25,317.2216,7930.540000000001,Champions
14850,325.75,1,325.75,325.75,Lost Customers
14851,511.35,2,255.675,511.35,Loyal Customers
14852,2836.69,6,472.7816666666667,2836.69,Loyal Customers
14853,475.8,2,237.9,475.8,Potential Loyalists
14854,2759.83,7,394.26142857142855,2759.83,Can't Lose Them
14855,645.65,2,322.825,645.65,At Risk
14856,1311.3799999999999,3,437.1266666666666,1311.3799999999999,Loyal Customers
14857,1173.12,2,586.56,1173.12,Loyal Customers
14859,1353.74,4,338.435,1353.74,Champions
14860,170.32,1,170.32,170.32,Hibernating
14861,125.79,1,125.79,125.79,Hibernating
14862,841.1999999999999,2,420.59999999999997,841.1999999999999,Loyal Customers
14863,266.76,1,266.76,266.76,Hibernating
14865,52.2,2,26.1,52.2,Potential Loyalists
14866,14389.9,12,1199.1583333333333,14389.9,Champions
14867,710.28,3,236.76,710.28,At Risk
14868,2953.59,8,369.19875,2953.59,Champions
14869,725.7,2,362.85,725.7,Loyal Customers
14870,327.25,1,327.25,327.25,Lost Customers
14871,522.38,4,130.595,522.38,Loyal Customers
14873,519.68,1,519.68,519.68,Hibernating
14875,1465.3200000000002,2,732.6600000000001,1465.3200000000002,At Risk
14878,1485.54,9,165.06,1485.54,Champions
14880,706.19,3,235.39666666666668,706.19,At Risk
14881,255.4,1,255.4,255.4,Hibernating
14882,589.7,2,294.85,589.7,Loyal Customers
14883,761.59,6,126.93166666666667,761.59,Loyal Customers
14885,765.3199999999999,1,765.3199999999999,765.3199999999999,Hibernating
14886,364.8,1,364.8,364.8,Lost Customers
14887,1862.0,1,1862.0,1862.0,Hibernating
14888,369.2,1,369.2,369.2,Lost Customers
14889,135.9,1,135.9,135.9,Lost Customers
14890,125.65,1,125.65,125.65,Lost Customers
14891,554.38,2,277.19,554.38,At Risk
14893,1237.8500000000001,2,618.9250000000001,1237.8500000000001,Loyal Customers
14894,655.75,1,655.75,655.75,Hibernating
14895,11138.710000000001,20,556.9355,11138.710000000001,Champions
14896,468.77000000000004,2,234.38500000000002,468.77000000000004,At Risk
14897,1366.38,4,341.595,1366.38,Champions
14898,1303.52,6,217.25333333333333,1303.52,Champions
14901,1421.29,9,157.92111111111112,1421.29,Champions
14902,332.66,1,332.66,332.66,Hibernating
14903,2810.63,5,562.126,2810.63,Champions
14904,1025.44,2,512.72,1025.44,Loyal Customers
14905,616.15,2,308.075,616.15,At Risk
14907,3501.1,7,500.15714285714284,3501.1,Champions
14908,277.8,1,277.8,277.8,Lost Customers
14910,434.35,4,108.5875,434.35,Potential Loyalists
14911,143825.06,201,715.5475621890547,143825.06,Champions
14912,867.85,2,433.925,867.85,Loyal Customers
14913,1227.43,4,306.8575,1227.43,Loyal Customers
14915,307.48,2,153.74,307.48,At Risk
14916,1268.98,4,317.245,1268.98,Loyal Customers
14918,1610.15,2,805.075,1610.15,At Risk
14920,977.77,2,488.885,977.77,At Risk
14921,1316.07,2,658.035,1316.07,Loyal Customers
14923,749.1,1,749.1,749.1,Hibernating
14924,310.05,1,310.05,310.05,Lost Customers
14929,223.88,1,223.88,223.88,Hibernating
14930,2372.86,3,790.9533333333334,2372.86,At Risk
14931,1257.68,5,251.536,1257.68,Champions
14932,363.53,1,363.53,363.53,Lost Customers
14934,1890.94,2,945.47,1890.94,At Risk
14935,1784.71,1,1784.71,1784.71,Hibernating
14936,8137.02,8,1017.1275,8137.02,Loyal Customers
14937,1621.88,3,540.6266666666667,1621.88,Loyal Customers
14944,5900.25,12,491.6875,5900.25,Champions
14946,100.9,1,100.9,100.9,Hibernating
14947,290.82,2,145.41,290.82,At Risk
14948,1101.97,6,183.66166666666666,1101.97,Champions
14950,371.2,1,371.2,371.2,Hibernating
14951,311.69,1,311.69,311.69,Lost Customers
14952,8099.49,11,736.3172727272727,8099.49,Loyal Customers
14953,289.82,1,289.82,289.82,Hibernating
14954,336.17,1,336.17,336.17,New Customers
14957,58.49,1,58.49,58.49,Lost Customers
14958,499.68,3,166.56,499.68,At Risk
14959,695.42,4,173.855,695.42,Loyal Customers
14960,221.27,2,110.635,221.27,Potential Loyalists
14961,7044.68,9,782.7422222222223,7044.68,Champions
14962,126.7,1,126.7,126.7,Lost Customers
14963,1487.8,5,297.56,1487.8,Champions
14964,206.21,1,206.21,206.21,Lost Customers
14965,599.0,2,299.5,599.0,At Risk
14966,191.32,1,191.32,191.32,Hibernating
14967,463.8,1,463.8,463.8,Hibernating
14968,147.59,1,147.59,147.59,Hibernating
14970,1592.06,4,398.015,1592.06,Loyal Customers
14971,1116.57,3,372.19,1116.57,Loyal Customers
14972,114.77,1,114.77,114.77,Lost Customers
14973,1314.45,3,438.15000000000003,1314.45,At Risk
14974,114.39,1,114.39,114.39,Hibernating
14975,279.94,1,279.94,279.94,Hibernating
14976,790.86,7,112.98,790.86,Loyal Customers
14978,1931.42,5,386.284,1931.42,Can't Lose Them
14981,102.12,1,102.12,102.12,Lost Customers
14984,213.27,2,106.635,213.27,Potential Loyalists
14985,296.75,2,148.375,296.75,At Risk
14987,326.4,2,163.2,326.4,Potential Loyalists
14988,334.54,1,334.54,334.54,Lost Customers
14995,233.23000000000002,2,116.61500000000001,233.23000000000002,At Risk
14997,546.1999999999999,3,182.06666666666663,546.1999999999999,Loyal Customers
14998,429.87,2,214.935,429.87,At Risk
15000,490.52,1,490.52,490.52,Hibernating
15002,1641.76,4,410.44,1641.76,Can't Lose Them
15004,1246.32,1,1246.32,1246.32,Hibernating
15005,6316.57,28,225.5917857142857,6316.57,Champions
15006,502.09,1,502.09,502.09,Hibernating
15007,156.91,1,156.91,156.91,Lost Customers
15009,1261.78,3,420.5933333333333,1261.78,Loyal Customers
15010,308.94,1,308.94,308.94,Hibernating
15012,423.04,2,211.52,423.04,At Risk
15014,260.17,2,130.085,260.17,At Risk
15016,170.04,1,170.04,170.04,Lost Customers
15017,125.58,1,125.58,125.58,Hibernating
15018,496.21000000000004,3,165.40333333333334,496.21000000000004,Loyal Customers
15019,266.0,1,266.0,266.0,Lost Customers
15021,1914.82,9,212.75777777777776,1914.82,Champions
15022,905.04,4,226.26,905.04,Loyal Customers
15023,6802.76,11,618.4327272727273,6802.76,Champions
15024,1661.33,10,166.13299999999998,1661.33,Champions
15025,377.01,1,377.01,377.01,Hibernating
15026,469.0,3,156.33333333333334,469.0,At Risk
15027,1066.1499999999999,4,266.53749999999997,1066.1499999999999,Champions
15028,627.13,4,156.7825,627.13,Loyal Customers
15030,518.28,2,259.14,518.28,At Risk
15031,668.14,4,167.035,668.14,Loyal Customers
15032,4959.1,3,1653.0333333333335,4959.1,At Risk
15033,2586.67,10,258.66700000000003,2586.67,Champions
15034,4308.61,8,538.57625,4308.61,Champions
15035,252.73000000000002,1,252.73000000000002,252.73000000000002,Lost Customers
15036,465.55,3,155.18333333333334,465.55,At Risk
15038,705.49,6,117.58166666666666,705.49,Loyal Customers
15039,19914.44,47,423.7114893617021,19914.44,Champions
15041,180.35,1,180.35,180.35,Lost Customers
15042,135.93,1,135.93,135.93,Lost Customers
15043,537.0,1,537.0,537.0,Hibernating
15044,7700.2300000000005,17,452.954705882353,7700.2300000000005,Champions
15045,735.66,2,367.83,735.66,At Risk
15046,5213.7699999999995,15,347.58466666666664,5213.7699999999995,Champions
15047,343.62,1,343.62,343.62,Lost Customers
15048,384.05,4,96.0125,384.05,At Risk
15049,121.17000000000002,1,121.17000000000002,121.17000000000002,Lost Customers
15050,1782.09,3,594.03,1782.09,Loyal Customers
15051,1391.61,3,463.86999999999995,1391.61,Loyal Customers
15052,215.78,1,215.78,215.78,Lost Customers
15053,697.79,3,232.59666666666666,697.79,Loyal Customers
15054,302.1,2,151.05,302.1,Potential Loyalists
15057,1489.5,2,744.75,1489.5,At Risk
15058,2124.9900000000002,11,193.18090909090913,2124.9900000000002,Champions
15059,1337.72,9,148.63555555555556,1337.72,Loyal Customers
15060,303.09,4,75.7725,303.09,Potential Loyalists
15061,54534.14,48,1136.1279166666666,54534.14,Champions
15062,987.86,4,246.965,987.86,Loyal Customers
15063,370.79999999999995,1,370.79999999999995,370.79999999999995,Lost Customers
15065,3158.13,4,789.5325,3158.13,Loyal Customers
15066,893.59,1,893.59,893.59,Hibernating
15067,1744.76,3,581.5866666666667,1744.7600000000002,At Risk
15068,553.36,2,276.68,553.36,Loyal Customers
15069,1109.53,1,1109.53,1109.53,Hibernating
15070,106.2,1,106.2,106.2,Lost Customers
15071,982.07,2,491.035,982.07,At Risk
15073,1043.41,3,347.80333333333334,1043.41,Loyal Customers
15074,748.87,1,748.87,748.87,Hibernating
15075,773.03,1,773.03,773.03,Hibernating
15076,880.85,1,880.85,880.85,Hibernating
15078,9743.11,32,304.4721875,9743.11,Champions
15079,895.61,4,223.9025,895.61,At Risk
15081,504.8,5,100.96000000000001,504.80000000000007,Loyal Customers
15083,88.2,1,88.2,88.2,Lost Customers
15087,306.94,1,306.94,306.94,Lost Customers
15088,1160.07,2,580.035,1160.07,Loyal Customers
15089,2420.84,6,403.47333333333336,2420.84,Champions
15090,381.32,1,381.32,381.32,Lost Customers
15091,480.71,1,480.71,480.71,Hibernating
15092,457.81,2,228.905,457.81,At Risk
15093,4597.02,6,766.1700000000001,4597.02,Champions
15095,1370.6,4,342.65,1370.6,Can't Lose Them
15096,219.39000000000001,1,219.39000000000001,219.39000000000001,Hibernating
15097,248.08,1,248.08,248.08,New Customers
15098,39916.5,3,13305.5,39916.5,At Risk
15099,410.48,1,410.48,410.48,Lost Customers
15100,876.0,3,292.0,876.0,At Risk
15101,317.53,2,158.765,317.53,Potential Loyalists
15103,703.36,2,351.68,703.36,Loyal Customers
15104,1027.44,2,513.72,1027.44,At Risk
15105,2298.93,7,328.4185714285714,2298.93,Champions
15106,1422.52,5,284.504,1422.52,Champions
15107,319.5,6,53.25,319.5,At Risk
15108,1300.25,4,325.0625,1300.25,Can't Lose Them
15109,484.95,1,484.95,484.95,Lost Customers
15110,996.1,4,249.025,996.1,Champions
15111,1567.48,3,522.4933333333333,1567.48,Loyal Customers
15113,3609.33,3,1203.11,3609.33,Loyal Customers
15114,2760.56,10,276.056,2760.56,Champions
15115,340.11,1,340.11,340.11,Hibernating
15116,1352.75,4,338.1875,1352.75,Champions
15117,1551.78,5,310.356,1551.78,Champions
15118,244.8,1,244.8,244.8,Lost Customers
15119,266.4,1,266.4,266.4,Lost Customers
15120,358.82,1,358.82,358.82,Lost Customers
15121,457.72,2,228.86,457.72,At Risk
15122,1633.78,3,544.5933333333334,1633.7800000000002,At Risk
15123,2199.31,2,1099.655,2199.31,Loyal Customers
15124,184.19,2,92.095,184.19,Potential Loyalists
15125,11528.48,15,768.5653333333333,11528.48,Champions
15127,406.53,1,406.53,406.53,Hibernating
15128,1471.0,4,367.75,1471.0,Loyal Customers
15129,3447.4,11,313.40000000000003,3447.4000000000005,Loyal Customers
15130,330.11,1,330.11,330.11,Lost Customers
15132,977.9300000000001,5,195.586,977.9300000000001,Champions
15133,982.42,3,327.4733333333333,982.4199999999998,At Risk
15134,1387.99,8,173.49875,1387.99,Champions
15135,139.05,1,139.05,139.05,Lost Customers
15136,1286.7,4,321.675,1286.7,Champions
15139,178.96,2,89.48,178.96,At Risk
15140,2354.25,7,336.32142857142856,2354.25,Loyal Customers
15142,498.74,1,498.74,498.74,Hibernating
15143,259.45,1,259.45,259.45,Lost Customers
15144,6580.44,17,387.0847058823529,6580.44,Champions
15145,1194.73,4,298.6825,1194.73,Champions
15146,1327.16,2,663.58,1327.16,At Risk
15147,623.5,1,623.5,623.5,Hibernating
15148,301.29,1,301.29,301.29,New Customers
15149,520.8000000000001,1,520.8000000000001,520.8000000000001,Hibernating
15150,5314.47,10,531.447,5314.47,Champions
15152,4745.69,13,365.0530769230769,4745.69,Champions
15153,329.25,1,329.25,329.25,Hibernating
15154,296.42,1,296.42,296.42,Lost Customers
15156,961.49,3,320.49666666666667,961.49,Loyal Customers
15157,1936.07,3,645.3566666666667,1936.0700000000002,Loyal Customers
15158,401.40000000000003,1,401.40000000000003,401.40000000000003,Hibernating
15159,18641.010000000002,30,621.3670000000001,18641.010000000002,Champions
15160,158.16,1,158.16,158.16,Lost Customers
15163,304.47,2,152.235,304.47,Potential Loyalists
15164,843.05,3,281.01666666666665,843.05,Loyal Customers
15165,487.75,1,487.75,487.75,Lost Customers
15167,163.0,1,163.0,163.0,Lost Customers
15168,106.56,1,106.56,106.56,Hibernating
15171,1289.5,1,1289.5,1289.5,Hibernating
15172,1624.05,5,324.81,1624.05,Champions
15174,135.75,1,135.75,135.75,Lost Customers
15175,224.14,1,224.14,224.14,Lost Customers
15178,40.5,1,40.5,40.5,Lost Customers
15179,2206.95,5,441.39,2206.95,Champions
15180,87.5,1,87.5,87.5,Lost Customers
15181,689.4799999999999,3,229.82666666666663,689.4799999999999,Loyal Customers
15182,622.85,2,311.425,622.85,At Risk
15184,406.76,2,203.38,406.76,Potential Loyalists
15185,310.62,1,310.62,310.62,Hibernating
15186,411.41,2,205.705,411.41,Potential Loyalists
15187,4777.18,16,298.57375,4777.18,Champions
15189,16225.39,41,395.74121951219513,16225.39,Champions
15192,1044.32,3,348.1066666666666,1044.32,At Risk
15193,499.32,1,499.32,499.32,Hibernating
15194,7616.53,15,507.76866666666666,7616.53,Champions
15195,3861.0,1,3861.0,3861.0,New Customers
15197,1079.6100000000001,3,359.87000000000006,1079.6100000000001,Loyal Customers
15198,193.64,2,96.82,193.64,At Risk
15199,1268.7,4,317.175,1268.7,Loyal Customers
15201,1236.54,5,247.308,1236.54,Can't Lose Them
15203,1827.8,6,304.6333333333333,1827.8,Champions
15204,316.58,1,316.58,316.58,Lost Customers
15205,653.24,2,326.62,653.24,At Risk
15206,420.29999999999995,4,105.07499999999999,420.29999999999995,Potential Loyalists
15208,870.12,5,174.024,870.12,Loyal Customers
15210,331.18,1,331.18,331.18,Lost Customers
15211,894.4100000000001,2,447.20500000000004,894.4100000000001,Loyal Customers
15212,101.8,1,101.8,101.8,Lost Customers
15213,328.35,2,164.175,328.35,At Risk
15214,1661.44,8,207.68,1661.44,Champions
15215,734.94,3,244.98000000000002,734.94,Loyal Customers
15216,96.6,1,96.6,96.6,Lost Customers
15218,5756.89,11,523.3536363636364,5756.89,Champions
15219,305.75,1,305.75,305.75,Lost Customers
15220,1778.96,6,296.49333333333334,1778.96,Loyal Customers
15221,403.25,1,403.25,403.25,Lost Customers
15222,585.0,1,585.0,585.0,Hibernating
15223,755.75,2,377.875,755.75,At Risk
15224,322.08,2,161.04,322.08,At Risk
15225,409.40000000000003,1,409.40000000000003,409.40000000000003,Lost Customers
15226,154.41,1,154.41,154.41,Lost Customers
15227,1219.4,5,243.88000000000002,1219.4,Loyal Customers
15228,3386.71,4,846.6775,3386.71,Loyal Customers
15230,429.6,2,214.8,429.6,At Risk
15232,612.06,2,306.03,612.06,At Risk
15234,197.0,1,197.0,197.0,Lost Customers
15235,2247.51,12,187.29250000000002,2247.51,Can't Lose Them
15236,321.05,1,321.05,321.05,Lost Customers
15237,1412.32,4,353.08,1412.32,Champions
15238,1071.99,3,357.33,1071.99,Loyal Customers
15239,780.59,2,390.295,780.59,Loyal Customers
15240,1706.57,5,341.31399999999996,1706.5699999999997,Loyal Customers
15241,1756.44,8,219.555,1756.44,Loyal Customers
15243,316.68,1,316.68,316.68,Lost Customers
15244,631.57,2,315.785,631.57,Loyal Customers
15245,2515.84,3,838.6133333333333,2515.84,At Risk
15246,514.15,2,257.075,514.15,At Risk
15247,356.0,1,356.0,356.0,Lost Customers
15249,6688.46,13,514.496923076923,6688.46,Champions
15251,10484.99,11,953.180909090909,10484.99,Champions
15252,740.78,2,370.39,740.78,Loyal Customers
15253,918.1999999999999,5,183.64,918.1999999999999,Loyal Customers
15254,300.36,1,300.36,300.36,Lost Customers
15255,890.85,1,890.85,890.85,Hibernating
15256,98.45,1,98.45,98.45,Lost Customers
15257,317.15,1,317.15,317.15,Lost Customers
15258,623.16,2,311.58,623.16,At Risk
15260,1810.77,7,258.68142857142857,1810.77,Can't Lose Them
15261,254.82,1,254.82,254.82,Lost Customers
15262,178.95000000000002,1,178.95000000000002,178.95000000000002,Lost Customers
15263,156.51,1,156.51,156.51,Lost Customers
15264,393.74,1,393.74,393.74,Hibernating
15265,1506.1200000000001,2,753.0600000000001,1506.1200000000001,At Risk
15266,119.3,1,119.3,119.3,Lost Customers
15267,1717.36,5,343.472,1717.36,Champions
15269,408.8,1,408.8,408.8,Hibernating
15270,2379.49,7,339.9271428571428,2379.49,Champions
15271,2507.07,15,167.138,2507.07,Champions
15272,721.94,2,360.97,721.94,Loyal Customers
15274,716.57,2,358.285,716.57,Loyal Customers
15275,615.14,1,615.14,615.14,Hibernating
15276,135.31,1,135.31,135.31,Hibernating
15277,255.89999999999998,1,255.89999999999998,255.89999999999998,Hibernating
15279,290.51,1,290.51,290.51,Lost Customers
15280,113.12,1,113.12,113.12,Lost Customers
15281,2332.15,9,259.1277777777778,2332.15,Loyal Customers
15286,240.55,1,240.55,240.55,Hibernating
15287,486.69,2,243.345,486.69,Potential Loyalists
15288,2306.52,5,461.304,2306.52,Loyal Customers
15289,939.78,3,313.26,939.78,Loyal Customers
15290,7943.22,18,441.29,7943.22,Champions
15291,4668.3,15,311.22,4668.3,Champions
15292,180.94,1,180.94,180.94,Lost Customers
15296,3672.86,6,612.1433333333333,3672.8599999999997,Loyal Customers
15297,641.94,3,213.98000000000002,641.94,Loyal Customers
15298,4799.9,12,399.9916666666666,4799.9,Champions
15299,4507.01,7,643.8585714285715,4507.01,Loyal Customers
15300,496.44,1,496.44,496.44,Hibernating
15301,5070.35,12,422.5291666666667,5070.35,Loyal Customers
15303,574.02,1,574.02,574.02,Hibernating
15304,694.4000000000001,8,86.80000000000001,694.4000000000001,Loyal Customers
15306,1174.35,3,391.45,1174.35,Loyal Customers
15307,205.3,1,205.3,205.3,Lost Customers
15308,310.47,1,310.47,310.47,Lost Customers
15311,60767.9,91,667.7791208791209,60767.9,Champions
15312,924.85,4,231.2125,924.85,At Risk
15313,52.0,1,52.0,52.0,Lost Customers
15314,327.97,1,327.97,327.97,Lost Customers
15315,570.5,2,285.25,570.5,Loyal Customers
15316,165.0,1,165.0,165.0,Lost Customers
15318,312.62,1,312.62,312.62,New Customers
15319,204.5,1,204.5,204.5,Lost Customers
15320,267.13,1,267.13,267.13,Hibernating
15321,2748.31,3,916.1033333333334,2748.31,Loyal Customers
15322,679.68,1,679.68,679.68,Hibernating
15325,162.29,1,162.29,162.29,Lost Customers
15326,311.71,1,311.71,311.71,Lost Customers
15327,208.75,1,208.75,208.75,Hibernating
15329,1049.7,3,349.90000000000003,1049.7,Loyal Customers
15330,714.96,2,357.48,714.96,Loyal Customers
15332,1661.06,4,415.265,1661.06,Can't Lose Them
15333,1028.56,1,1028.56,1028.56,Hibernating
15334,351.67,3,117.22333333333334,351.67,At Risk
15335,173.97,1,173.97,173.97,Hibernating
15339,574.07,2,287.035,574.07,Loyal Customers
15341,2020.52,1,2020.52,2020.52,Hibernating
15342,406.09,1,406.09,406.09,Lost Customers
15343,364.5,1,364.5,364.5,Lost Customers
15344,563.94,3,187.98000000000002,563.94,Loyal Customers
15345,393.54,1,393.54,393.54,Hibernating
15346,252.42000000000002,1,252.42000000000002,252.42000000000002,Lost Customers
15347,201.60000000000002,1,201.60000000000002,201.60000000000002,Lost Customers
15348,158.04,1,158.04,158.04,Lost Customers
15349,473.81,2,236.905,473.81,At Risk
15350,115.65,1,115.65,115.65,Lost Customers
15351,1960.1100000000001,7,280.0157142857143,1960.1100000000001,Champions
15353,777.02,2,388.51,777.02,At Risk
15355,277.05,2,138.525,277.05,Potential Loyalists
15356,2766.5,10,276.65,2766.5,Champions
15358,8347.2,22,379.41818181818184,8347.2,Champions
15360,427.93,1,427.93,427.93,Hibernating
15361,418.92,1,418.92,418.92,Lost Customers
15363,326.0,1,326.0,326.0,Lost Customers
15364,913.19,2,456.595,913.19,At Risk
15365,2314.32,7,330.6171428571429,2314.32,Champions
15366,602.51,2,301.255,602.51,At Risk
15367,1877.59,4,469.3975,1877.59,Loyal Customers
15368,446.94000000000005,1,446.94000000000005,446.94000000000005,Hibernating
15370,2386.05,7,340.86428571428576,2386.05,Loyal Customers
15372,2007.3999999999999,1,2007.3999999999999,2007.3999999999999,Hibernating
15373,2415.91,12,201.32583333333332,2415.91,Champions
15374,168.0,1,168.0,168.0,Lost Customers
15376,1233.3600000000001,3,411.12000000000006,1233.3600000000001,Loyal Customers
15379,3703.29,7,529.0414285714286,3703.29,Can't Lose Them
15380,1690.2600000000002,5,338.052,1690.2600000000002,Champions
15381,596.85,2,298.425,596.85,At Risk
15382,5955.71,6,992.6183333333333,5955.71,Champions
15384,642.41,2,321.205,642.41,At Risk
15385,316.88,1,316.88,316.88,Hibernating
15386,394.14,1,394.14,394.14,Lost Customers
15388,140.54,1,140.54,140.54,Lost Customers
15389,500.0,1,500.0,500.0,Hibernating
15392,1535.53,4,383.8825,1535.53,Champions
15393,231.86,2,115.93,231.86,Potential Loyalists
15394,2183.54,4,545.885,2183.54,Champions
15395,107.45,1,107.45,107.45,Lost Customers
15396,288.18,1,288.18,288.18,Lost Customers
15397,94.0,1,94.0,94.0,Lost Customers
15398,1345.53,2,672.765,1345.53,Loyal Customers
15399,815.77,3,271.92333333333335,815.77,Loyal Customers
15400,716.2,5,143.24,716.2,At Risk
15402,626.77,2,313.385,626.77,At Risk
15405,349.1,1,349.1,349.1,Lost Customers
15406,510.71000000000004,2,255.35500000000002,510.71000000000004,Loyal Customers
15407,1056.44,4,264.11,1056.44,Loyal Customers
15408,267.18,1,267.18,267.18,Lost Customers
15410,3450.84,8,431.355,3450.84,Can't Lose Them
15411,1358.88,4,339.72,1358.88,Champions
15412,190.53,1,190.53,190.53,Lost Customers
15414,774.9000000000001,3,258.3,774.9000000000001,Loyal Customers
15415,572.8100000000001,1,572.8100000000001,572.8100000000001,Hibernating
15416,3984.32,4,996.08,3984.32,Loyal Customers
15417,508.8,1,508.8,508.8,Hibernating
15419,135.86,1,135.86,135.86,Hibernating
15421,950.36,4,237.59,950.36,Loyal Customers
15422,97.7,2,48.85,97.7,At Risk
15423,43.5,1,43.5,43.5,Hibernating
15424,383.34,2,191.67,383.34,At Risk
15426,1447.39,5,289.478,1447.39,Champions
15427,1483.14,3,494.38000000000005,1483.14,Loyal Customers
15428,93.78,1,93.78,93.78,Hibernating
15429,397.35,2,198.675,397.35,Potential Loyalists
15432,171.19,1,171.19,171.19,Hibernating
15433,533.3,2,266.65,533.3,At Risk
15434,1041.48,5,208.296,1041.48,Champions
15435,149.29,1,149.29,149.29,Hibernating
15436,1122.53,3,374.1766666666667,1122.53,Loyal Customers
15437,200.16,1,200.16,200.16,Lost Customers
15438,156.57999999999998,1,156.57999999999998,156.57999999999998,Lost Customers
15440,383.68,3,127.89333333333333,383.68,At Risk
15442,594.0,1,594.0,594.0,Hibernating
15443,3236.91,7,462.4157142857143,3236.91,Champions
15444,1418.26,2,709.13,1418.26,Loyal Customers
15445,113.5,1,113.5,113.5,Lost Customers
15447,155.17,1,155.17,155.17,Lost Customers
15448,494.64,1,494.64,494.64,Hibernating
15449,974.52,3,324.84,974.52,Loyal Customers
15450,429.84,1,429.84,429.84,Hibernating
15452,538.73,3,179.57666666666668,538.73,Loyal Customers
15453,1388.37,7,198.3385714285714,1388.37,Champions
15454,179.1,1,179.1,179.1,Lost Customers
15456,447.22,3,149.07333333333335,447.22,At Risk
15457,237.07,1,237.07,237.07,Lost Customers
15458,161.64,1,161.64,161.64,Hibernating
15460,216.76,1,216.76,216.76,Lost Customers
15462,234.6,3,78.2,234.60000000000002,At Risk
15463,126.14,1,126.14,126.14,Hibernating
15464,1048.85,1,1048.85,1048.85,Hibernating
15465,7354.62,18,408.59,7354.62,Champions
15466,334.53,1,334.53,334.53,Lost Customers
15467,524.88,3,174.96,524.88,Loyal Customers
15468,467.51,2,233.755,467.51,At Risk
15469,538.55,2,269.275,538.55,Loyal Customers
15471,469.48,1,469.48,469.48,New Customers
15472,371.56,1,371.56,371.56,Lost Customers
15473,1771.2,7,253.02857142857144,1771.2,Champions
15475,454.10999999999996,1,454.10999999999996,454.10999999999996,Lost Customers
15478,1441.42,2,720.71,1441.42,Loyal Customers
15480,905.5,1,905.5,905.5,Hibernating
15482,11054.96,12,921.2466666666666,11054.96,Champions
15483,233.81,4,58.4525,233.81,At Risk
15484,3594.31,4,898.5775,3594.31,Champions
15485,2575.0,3,858.3333333333334,2575.0,Loyal Customers
15488,91.32000000000001,1,91.32000000000001,91.32000000000001,Lost Customers
15489,1134.28,3,378.0933333333333,1134.28,Loyal Customers
15491,3100.09,6,516.6816666666667,3100.09,Can't Lose Them
15492,659.4599999999999,2,329.72999999999996,659.4599999999999,Loyal Customers
15493,2001.8,5,400.36,2001.8000000000002,Loyal Customers
15494,1299.23,2,649.615,1299.23,Loyal Customers
15497,1262.2,2,631.1,1262.2,Loyal Customers
15498,13316.4,27,493.2,13316.4,Champions
15500,1131.56,4,282.89,1131.56,Champions
15502,10384.93,12,865.4108333333334,10384.93,Champions
15503,147.09,1,147.09,147.09,Lost Customers
15504,52.83,1,52.83,52.83,Lost Customers
15505,3610.96,5,722.192,3610.96,Loyal Customers
15506,979.26,3,326.42,979.26,Loyal Customers
15507,492.36,1,492.36,492.36,Hibernating
15508,1000.27,6,166.71166666666667,1000.27,Can't Lose Them
15510,250.0,1,250.0,250.0,Lost Customers
15511,909.23,5,181.846,909.23,Loyal Customers
15512,121.0,2,60.5,121.0,At Risk
15513,14758.220000000001,19,776.7484210526317,14758.220000000001,Loyal Customers
15514,4139.46,11,376.31454545454545,4139.46,Champions
15516,62.43,3,20.81,62.42999999999999,At Risk
15517,267.03,1,267.03,267.03,Lost Customers
15518,1942.45,8,242.80625,1942.45,Loyal Customers
15520,343.5,1,343.5,343.5,New Customers
15521,3000.2,8,375.025,3000.2,Loyal Customers
15522,398.84,2,199.42,398.84,At Risk
15523,412.01000000000005,1,412.01000000000005,412.01000000000005,Lost Customers
15524,440.0,1,440.0,440.0,Hibernating
15525,825.92,3,275.3066666666667,825.9200000000001,Loyal Customers
15526,148.44,2,74.22,148.44,At Risk
15527,2429.78,8,303.7225,2429.78,Champions
15528,229.33,1,229.33,229.33,Lost Customers
15529,3995.23,11,363.20272727272726,3995.23,Champions
15530,1502.35,4,375.5875,1502.35,Champions
15531,2007.44,2,1003.72,2007.44,Loyal Customers
15532,1580.93,4,395.2325,1580.93,Champions
15533,807.57,3,269.19,807.5699999999999,Loyal Customers
15535,536.4,4,134.1,536.4,At Risk
15537,110.92,1,110.92,110.92,Lost Customers
15539,538.46,1,538.46,538.46,New Customers
15540,213.3,1,213.3,213.3,New Customers
15541,85.13000000000001,1,85.13000000000001,85.13000000000001,Lost Customers
15543,127.86,1,127.86,127.86,Lost Customers
15544,3546.71,9,394.0788888888889,3546.71,Champions
15545,292.71999999999997,2,146.35999999999999,292.71999999999997,At Risk
15547,4954.84,14,353.9171428571429,4954.84,Champions
15549,1693.26,3,564.42,1693.2599999999998,At Risk
15550,575.63,4,143.9075,575.63,Loyal Customers
15551,436.06,1,436.06,436.06,Hibernating
15552,90.12,1,90.12,90.12,Lost Customers
15553,437.23,1,437.23,437.23,Hibernating
15554,217.2,1,217.2,217.2,Lost Customers
15555,4805.17,16,300.323125,4805.17,Champions
15556,279.77,1,279.77,279.77,Hibernating
15557,473.65000000000003,1,473.65000000000003,473.65000000000003,Hibernating
15561,800.59,4,200.1475,800.59,Loyal Customers
15562,134.55,1,134.55,134.55,Lost Customers
15563,1400.44,4,350.11,1400.44,Champions
15565,173.16,2,86.58,173.16,At Risk
15567,186.01,1,186.01,186.01,Hibernating
15568,758.29,3,252.76333333333332,758.29,Loyal Customers
15569,1375.71,5,275.142,1375.71,Can't Lose Them
15570,4165.52,12,347.1266666666667,4165.52,Champions
15571,650.4300000000001,4,162.60750000000002,650.4300000000001,Loyal Customers
15572,2552.86,7,364.69428571428574,2552.86,Champions
15573,607.45,2,303.725,607.45,Loyal Customers
15574,702.25,4,175.5625,702.25,At Risk
15576,940.6700000000001,1,940.6700000000001,940.6700000000001,Hibernating
15577,258.88,3,86.29333333333334,258.88,At Risk
15578,127.1,1,127.1,127.1,Lost Customers
15579,348.6,2,174.3,348.6,At Risk
15581,3679.9700000000003,13,283.0746153846154,3679.9700000000003,Can't Lose Them
15582,682.9100000000001,3,227.63666666666668,682.9100000000001,Loyal Customers
15584,725.11,4,181.2775,725.11,Loyal Customers
15585,455.3,1,455.3,455.3,Lost Customers
15587,913.6800000000001,4,228.42000000000002,913.6800000000001,Loyal Customers
15589,478.53000000000003,3,159.51000000000002,478.5300000000001,At Risk
15592,388.58,1,388.58,388.58,Hibernating
15593,199.8,1,199.8,199.8,Hibernating
15594,1771.78,5,354.356,1771.78,Champions
15596,1406.59,5,281.318,1406.59,Can't Lose Them
15597,324.57,1,324.57,324.57,Hibernating
15598,240.68,1,240.68,240.68,Hibernating
15599,761.74,2,380.87,761.74,Loyal Customers
15601,6776.56,14,484.04,6776.56,Champions
15602,1297.8700000000001,9,144.20777777777778,1297.87,Champions
15603,48.480000000000004,1,48.480000000000004,48.480000000000004,Lost Customers
15604,216.39,1,216.39,216.39,Hibernating
15605,1198.23,5,239.64600000000002,1198.23,Loyal Customers
15606,2920.16,9,324.4622222222222,2920.16,Loyal Customers
15607,104.76,1,104.76,104.76,Lost Customers
15608,1093.68,4,273.42,1093.68,Champions
15609,298.48,1,298.48,298.48,Lost Customers
15610,112.46000000000001,1,112.46000000000001,112.46000000000001,Hibernating
15611,1591.45,13,122.41923076923078,1591.45,Champions
15612,195.15,2,97.575,195.15,At Risk
15615,10399.74,23,452.1626086956522,10399.74,Champions
15618,776.851,4,194.21275,776.851,Loyal Customers
15619,336.40000000000003,1,336.40000000000003,336.40000000000003,New Customers
15620,1553.18,3,517.7266666666667,1553.18,Loyal Customers
15621,1293.03,4,323.2575,1293.03,Champions
15622,3709.56,9,412.17333333333335,3709.56,Loyal Customers
15623,301.03,1,301.03,301.03,Lost Customers
15624,588.13,4,147.0325,588.13,At Risk
15625,1534.26,4,383.565,1534.26,Can't Lose Them
15626,675.8,2,337.9,675.8,At Risk
15628,2870.2400000000002,9,318.91555555555556,2870.24,Champions
15630,1186.35,2,593.175,1186.35,Loyal Customers
15632,3285.31,8,410.66375,3285.31,Champions
15634,243.55,1,243.55,243.55,Hibernating
15636,724.76,2,362.38,724.76,At Risk
15637,223.36,1,223.36,223.36,Hibernating
15639,425.32,1,425.32,425.32,Lost Customers
15640,12515.66,15,834.3773333333334,12515.66,Champions
15641,1887.2,4,471.8,1887.2,Can't Lose Them
15643,664.0,3,221.33333333333334,664.0,At Risk
15644,813.0,4,203.25,813.0,At Risk
15645,612.01,1,612.01,612.01,Hibernating
15646,447.64000000000004,3,149.21333333333334,447.64,At Risk
15648,657.35,2,328.675,657.35,At Risk
15649,816.0,2,408.0,816.0,At Risk
15651,646.3,3,215.4333333333333,646.3,Loyal Customers
15652,337.74,1,337.74,337.74,Lost Customers
15653,877.4399999999999,2,438.71999999999997,877.4399999999999,At Risk
15654,922.53,2,461.265,922.53,Loyal Customers
15655,560.67,1,560.67,560.67,Hibernating
15656,748.5,4,187.125,748.5,Loyal Customers
15657,30.0,1,30.0,30.0,Hibernating
15658,1024.1000000000001,5,204.82000000000002,1024.1000000000001,Can't Lose Them
15659,306.45,1,306.45,306.45,Hibernating
15660,1600.86,9,177.87333333333333,1600.8600000000001,Champions
15661,309.8,2,154.9,309.8,At Risk
15663,138.14,1,138.14,138.14,Lost Customers
15664,386.43,1,386.43,386.43,Hibernating
15665,2242.01,2,1121.005,2242.01,At Risk
15667,301.32,1,301.32,301.32,Hibernating
15668,76.32000000000001,1,76.32000000000001,76.32000000000001,Lost Customers
15669,684.34,4,171.085,684.34,Loyal Customers
15670,173.05,1,173.05,173.05,Lost Customers
15671,2657.13,7,379.59000000000003,2657.13,Champions
15673,2881.02,4,720.255,2881.02,Can't Lose Them
15674,2446.6,5,489.32,2446.6,Can't Lose Them
15675,323.69,3,107.89666666666666,323.69,At Risk
15676,3435.76,3,1145.2533333333333,3435.76,Loyal Customers
15677,657.23,1,657.23,657.23,Hibernating
15678,352.7,1,352.7,352.7,Hibernating
15679,781.28,4,195.32,781.28,Loyal Customers
15680,1333.68,3,444.56,1333.68,Loyal Customers
15681,1426.16,5,285.232,1426.16,Champions
15683,193.75,1,193.75,193.75,Lost Customers
15687,2993.1,9,332.56666666666666,2993.1,Champions
15689,254.1,2,127.05,254.1,At Risk
15690,239.76,2,119.88,239.76,Potential Loyalists
15691,136.8,1,136.8,136.8,Lost Customers
15692,191.04,1,191.04,191.04,Hibernating
15694,6479.4,14,462.8142857142857,6479.4,Champions
15695,409.98,2,204.99,409.98,At Risk
15696,2736.46,8,342.0575,2736.46,Loyal Customers
15699,309.65,1,309.65,309.65,Hibernating
15700,696.68,2,348.34,696.68,At Risk
15701,1542.14,4,385.535,1542.14,Champions
15703,211.5,1,211.5,211.5,Lost Customers
15704,2293.62,4,573.405,2293.62,Can't Lose Them
15705,143.1,1,143.1,143.1,Lost Customers
15706,1060.56,4,265.14,1060.56,Loyal Customers
15707,945.58,4,236.395,945.58,Loyal Customers
15708,3364.2400000000002,7,480.6057142857143,3364.2400000000002,Loyal Customers
15709,133.25,1,133.25,133.25,Lost Customers
15712,1072.3600000000001,5,214.47200000000004,1072.3600000000001,Champions
15713,356.7,2,178.35,356.7,At Risk
15714,330.88,2,165.44,330.88,Potential Loyalists
15716,1118.81,4,279.7025,1118.81,Can't Lose Them
15717,150.3,1,150.3,150.3,Lost Customers
15719,5045.61,13,388.1238461538461,5045.61,Loyal Customers
15720,598.73,1,598.73,598.73,Hibernating
15721,507.08,1,507.08,507.08,New Customers
15722,2222.56,5,444.512,2222.56,Loyal Customers
15723,203.1,1,203.1,203.1,Lost Customers
15724,218.25,2,109.125,218.25,At Risk
15725,415.25,1,415.25,415.25,Hibernating
15727,5178.96,7,739.8514285714285,5178.96,Champions
15729,85.0,1,85.0,85.0,Lost Customers
15730,1120.88,3,373.6266666666667,1120.88,Loyal Customers
15732,294.12,2,147.06,294.12,At Risk
15733,162.3,1,162.3,162.3,Lost Customers
15734,1339.45,2,669.725,1339.45,At Risk
15737,1205.1200000000001,8,150.64000000000001,1205.1200000000001,Champions
15738,4812.42,16,300.77625,4812.42,Champions
15739,449.12,1,449.12,449.12,Hibernating
15740,154.88,1,154.88,154.88,Hibernating
15743,784.46,4,196.115,784.46,Loyal Customers
15744,34.8,1,34.8,34.8,Lost Customers
15745,1094.59,4,273.6475,1094.59,Champions
15746,196.88,1,196.88,196.88,Lost Customers
15747,974.04,3,324.68,974.04,Loyal Customers
15748,149.31,1,149.31,149.31,Hibernating
15749,44534.3,3,14844.766666666668,44534.3,At Risk
15750,2465.48,8,308.185,2465.48,Champions
15752,2637.38,7,376.7685714285714,2637.38,Loyal Customers
15753,79.2,1,79.2,79.2,Lost Customers
15754,458.57,3,152.85666666666665,458.56999999999994,At Risk
15755,2364.25,6,394.0416666666667,2364.25,Champions
15756,532.96,4,133.24,532.96,Loyal Customers
15757,714.42,2,357.21,714.42,Loyal Customers
15758,205.25,1,205.25,205.25,Potential Loyalists
15759,253.04,3,84.34666666666666,253.04,At Risk
15762,583.75,2,291.875,583.75,Loyal Customers
15763,1086.92,2,543.46,1086.92,Loyal Customers
15764,3279.97,6,546.6616666666666,3279.97,Can't Lose Them
15766,315.06,1,315.06,315.06,Hibernating
15768,621.8299999999999,3,207.27666666666664,621.8299999999999,At Risk
15769,56252.72,26,2163.566153846154,56252.72000000001,Champions
15773,635.6800000000001,1,635.6800000000001,635.6800000000001,Potential Loyalists
15774,270.8,1,270.8,270.8,Hibernating
15775,104.9,1,104.9,104.9,Lost Customers
15776,241.62,1,241.62,241.62,Lost Customers
15777,1047.11,4,261.7775,1047.11,Can't Lose Them
15780,475.28000000000003,3,158.42666666666668,475.28000000000003,At Risk
15781,345.46,3,115.15333333333332,345.46,Potential Loyalists
15782,2614.7400000000002,3,871.58,2614.7400000000002,Champions
15783,246.3,1,246.3,246.3,Potential Loyalists
15785,2328.9700000000003,5,465.79400000000004,2328.9700000000003,Loyal Customers
15786,4932.2,3,1644.0666666666666,4932.2,Loyal Customers
15787,948.05,3,316.01666666666665,948.05,Champions
15789,351.3,1,351.3,351.3,Lost Customers
15790,220.85,1,220.85,220.85,Potential Loyalists
15791,1612.69,2,806.345,1612.69,Loyal Customers
15793,965.61,3,321.87,965.61,Champions
15795,610.01,1,610.01,610.01,Hibernating
15796,2711.56,8,338.945,2711.56,Champions
15797,2207.4,4,551.85,2207.4,Can't Lose Them
15799,884.14,3,294.7133333333333,884.1399999999999,At Risk
15800,699.08,2,349.54,699.08,At Risk
15801,1063.95,3,354.65000000000003,1063.95,Loyal Customers
15802,451.42,1,451.42,451.42,Lost Customers
15803,415.82000000000005,1,415.82000000000005,415.82000000000005,Hibernating
15804,4206.39,13,323.5684615384616,4206.39,Champions
15805,5528.4800000000005,17,325.204705882353,5528.4800000000005,Champions
15806,784.58,3,261.5266666666667,784.5800000000002,Loyal Customers
15807,903.9,3,301.3,903.9000000000001,Loyal Customers
15808,3734.9700000000003,4,933.7425000000001,3734.9700000000003,Can't Lose Them
15809,515.77,5,103.154,515.77,Loyal Customers
15810,1391.98,4,347.995,1391.98,Can't Lose Them
15811,2218.62,6,369.77,2218.62,Champions
15812,1801.14,5,360.228,1801.14,Can't Lose Them
15813,1303.9099999999999,2,651.9549999999999,1303.9099999999999,At Risk
15814,1945.33,4,486.3325,1945.33,Champions
15815,2100.6,5,420.12,2100.6,Loyal Customers
15819,1905.45,4,476.3625,1905.45,Loyal Customers
15820,206.98,1,206.98,206.98,Lost Customers
15821,570.96,2,285.48,570.96,Loyal Customers
15822,885.47,2,442.735,885.47,Loyal Customers
15823,15.0,1,15.0,15.0,Lost Customers
15825,532.94,1,532.94,532.94,Hibernating
15826,1654.31,3,551.4366666666666,1654.31,Loyal Customers
15827,1836.0900000000001,14,131.14928571428572,1836.0900000000001,Can't Lose Them
15829,636.14,2,318.07,636.14,At Risk
15830,576.0,1,576.0,576.0,Hibernating
15831,801.76,3,267.25333333333333,801.76,Loyal Customers
15832,836.79,1,836.79,836.79,Hibernating
15834,2233.75,4,558.4375,2233.75,Loyal Customers
15835,954.09,4,238.5225,954.09,Loyal Customers
15836,137.37,1,137.37,137.37,Hibernating
15837,391.98,1,391.98,391.98,Hibernating
15838,33643.08,19,1770.6884210526316,33643.08,Champions
15839,1048.49,3,349.49666666666667,1048.49,Loyal Customers
15840,355.56,2,177.78,355.56,At Risk
15841,1224.06,4,306.015,1224.06,Can't Lose Them
15843,118.95000000000002,1,118.95000000000002,118.95000000000002,Lost Customers
15844,130.73999999999998,1,130.73999999999998,130.73999999999998,Hibernating
15845,3711.77,8,463.97125,3711.77,Champions
15847,389.27,2,194.635,389.27,At Risk
15850,238.85,2,119.425,238.85,Potential Loyalists
15852,160.71,2,80.355,160.71,At Risk
15853,110.8,1,110.8,110.8,Hibernating
15854,2974.65,12,247.88750000000002,2974.65,Champions
15855,712.24,5,142.448,712.24,At Risk
15856,16387.57,27,606.947037037037,16387.57,Champions
15857,297.0,1,297.0,297.0,Potential Loyalists
15858,1438.85,5,287.77,1438.85,Champions
15860,977.21,8,122.15125,977.21,Loyal Customers
15861,3165.36,8,395.67,3165.36,Champions
15862,832.88,4,208.22,832.88,Loyal Customers
15863,68.84,2,34.42,68.84,Potential Loyalists
15864,1936.3200000000002,6,322.72,1936.3200000000002,Champions
15865,895.13,3,298.37666666666667,895.13,Loyal Customers
15866,230.53,1,230.53,230.53,Lost Customers
15867,3812.64,15,254.176,3812.64,Champions
15869,149.64,2,74.82,149.64,At Risk
15870,354.09000000000003,1,354.09000000000003,354.09000000000003,Hibernating
15872,360.93,2,180.465,360.93,Potential Loyalists
15874,4405.88,7,629.4114285714286,4405.88,Loyal Customers
15877,493.28,2,246.64,493.28,Loyal Customers
15880,343.28000000000003,1,343.28000000000003,343.28000000000003,Lost Customers
15881,501.39000000000004,5,100.278,501.39000000000004,At Risk
15882,516.36,4,129.09,516.36,At Risk
15883,396.48,2,198.24,396.48,Potential Loyalists
15885,379.35,3,126.45,379.35,At Risk
15886,181.09,1,181.09,181.09,Hibernating
15888,168.31,1,168.31,168.31,Lost Customers
15889,446.87,2,223.435,446.87,At Risk
15891,524.52,1,524.52,524.52,Hibernating
15894,263.55,2,131.775,263.55,At Risk
15895,179.17,1,179.17,179.17,Lost Customers
15897,222.05,2,111.025,222.05,At Risk
15898,1388.88,5,277.776,1388.88,Champions
15899,56.25,1,56.25,56.25,Lost Customers
15900,351.11,1,351.11,351.11,Potential Loyalists
15901,363.88,3,121.29333333333334,363.88,Potential Loyalists
15903,5126.76,7,732.3942857142857,5126.76,Champions
15904,164.68,1,164.68,164.68,Potential Loyalists
15906,1567.69,7,223.9557142857143,1567.69,Champions
15907,967.45,3,322.48333333333335,967.45,Champions
15909,191.94,1,191.94,191.94,Lost Customers
15910,1232.18,8,154.0225,1232.18,Champions
15912,264.62,2,132.31,264.62,At Risk
15916,1528.09,8,191.01125,1528.09,Champions
15917,123.1,1,123.1,123.1,Lost Customers
15918,334.23,2,167.115,334.23,At Risk
15919,639.89,2,319.945,639.89,Loyal Customers
15920,167.5,4,41.875,167.5,At Risk
15921,336.03000000000003,1,336.03000000000003,336.03000000000003,Lost Customers
15922,369.5,1,369.5,369.5,Lost Customers
15923,127.08,1,127.08,127.08,Lost Customers
15925,207.15,1,207.15,207.15,Lost Customers
15930,426.63,1,426.63,426.63,Hibernating
15932,2495.87,8,311.98375,2495.87,Champions
15933,1107.46,3,369.15333333333336,1107.46,Champions
15935,416.86,2,208.43,416.86,At Risk
15937,145.35,1,145.35,145.35,Hibernating
15938,404.58,5,80.916,404.58,At Risk
15939,6115.01,15,407.6673333333334,6115.01,Can't Lose Them
15940,35.8,1,35.8,35.8,Lost Customers
15942,337.44,1,337.44,337.44,Lost Customers
15944,325.1,1,325.1,325.1,Lost Customers
15945,181.0,1,181.0,181.0,Lost Customers
15947,1708.24,1,1708.24,1708.24,Hibernating
15948,955.24,2,477.62,955.24,Loyal Customers
15949,364.72,2,182.36,364.72,Potential Loyalists
15950,1765.51,4,441.3775,1765.51,Champions
15951,708.22,2,354.11,708.22,Loyal Customers
15952,806.57,4,201.6425,806.57,Loyal Customers
15953,1659.3799999999999,8,207.42249999999999,1659.3799999999999,Champions
15955,4416.26,14,315.44714285714286,4416.26,Champions
15957,428.89,1,428.89,428.89,Potential Loyalists
15958,104.35,1,104.35,104.35,Lost Customers
15963,470.76,2,235.38,470.76,Potential Loyalists
15965,845.64,4,211.41,845.64,Loyal Customers
15967,418.83,2,209.415,418.83,Potential Loyalists
15969,666.1,3,222.03333333333333,666.1,Loyal Customers
15970,314.1,1,314.1,314.1,Lost Customers
15971,4199.85,12,349.9875,4199.85,Champions
15973,307.82000000000005,1,307.82000000000005,307.82000000000005,Lost Customers
15974,3442.15,7,491.7357142857143,3442.15,Loyal Customers
15975,371.01,1,371.01,371.01,Lost Customers
15976,430.94,2,215.47,430.94,At Risk
15977,1054.73,2,527.365,1054.73,Loyal Customers
15978,1098.78,1,1098.78,1098.78,Hibernating
15980,2398.86,3,799.62,2398.86,Can't Lose Them
15981,3408.48,8,426.06,3408.48,Champions
15983,1475.02,4,368.755,1475.02,Champions
15984,2837.67,10,283.767,2837.67,Champions
15985,1142.42,2,571.21,1142.42,At Risk
15986,168.12,1,168.12,168.12,Potential Loyalists
15987,1451.28,7,207.32571428571427,1451.28,Champions
15988,158.03,1,158.03,158.03,Potential Loyalists
15990,792.11,2,396.055,792.11,Loyal Customers
15992,41.989999999999995,1,41.989999999999995,41.989999999999995,Potential Loyalists
15993,2797.57,7,399.65285714285716,2797.57,Champions
15994,427.07,1,427.07,427.07,Hibernating
15996,1060.68,6,176.78,1060.68,Can't Lose Them
15998,3089.97,5,617.9939999999999,3089.9699999999993,Loyal Customers
16000,12393.7,3,4131.233333333334,12393.7,Champions
16003,2735.37,5,547.074,2735.37,Champions
16005,615.39,4,153.8475,615.39,Loyal Customers
16006,101.4,1,101.4,101.4,Lost Customers
16007,1701.94,4,425.485,1701.94,Loyal Customers
16008,478.78,3,159.59333333333333,478.78,Potential Loyalists
16009,992.71,4,248.1775,992.71,Champions
16010,407.5,3,135.83333333333334,407.5,At Risk
16011,3362.71,16,210.169375,3362.71,Champions
16012,1415.29,3,471.7633333333333,1415.29,Loyal Customers
16013,37130.6,47,790.0127659574467,37130.6,Champions
16014,662.38,3,220.79333333333332,662.38,Loyal Customers
16015,705.39,3,235.13,705.39,Loyal Customers
16016,1508.76,8,188.595,1508.76,Champions
16017,211.88,1,211.88,211.88,Hibernating
16018,408.90000000000003,2,204.45000000000002,408.90000000000003,At Risk
16019,3786.2400000000002,9,420.6933333333334,3786.2400000000007,Loyal Customers
16020,851.01,3,283.67,851.01,Loyal Customers
16022,628.28,1,628.28,628.28,Hibernating
16023,719.81,3,239.93666666666664,719.81,Loyal Customers
16024,251.24,1,251.24,251.24,Potential Loyalists
16025,439.65999999999997,1,439.65999999999997,439.65999999999997,Potential Loyalists
16026,236.09,1,236.09,236.09,Hibernating
16027,934.62,6,155.77,934.6200000000001,At Risk
16029,81024.84,63,1286.1085714285714,81024.84,Loyal Customers
16030,331.24,1,331.24,331.24,Lost Customers
16031,548.94,2,274.47,548.94,At Risk
16033,8816.4,20,440.82,8816.4,Champions
16034,437.7,3,145.9,437.70000000000005,At Risk
16036,758.92,2,379.46,758.92,At Risk
16037,855.02,3,285.00666666666666,855.02,At Risk
16038,471.78000000000003,3,157.26000000000002,471.7800000000001,Potential Loyalists
16040,1313.55,3,437.84999999999997,1313.55,Loyal Customers
16041,3166.4,3,1055.4666666666667,3166.4,Champions
16042,1197.27,5,239.454,1197.27,Champions
16043,773.99,4,193.4975,773.99,Loyal Customers
16045,1340.7,4,335.175,1340.7,Can't Lose Them
16048,256.44,2,128.22,256.44,At Risk
16049,1111.79,3,370.59666666666664,1111.79,Loyal Customers
16050,137.9,1,137.9,137.9,Lost Customers
16052,362.06,1,362.06,362.06,Hibernating
16053,1511.95,2,755.975,1511.95,Loyal Customers
16054,783.9,1,783.9,783.9,Hibernating
16055,134.8,1,134.8,134.8,Lost Customers
16056,664.85,1,664.85,664.85,Hibernating
16057,2263.12,7,323.30285714285714,2263.12,Champions
16059,1459.8600000000001,6,243.31000000000003,1459.8600000000001,Loyal Customers
16062,1153.62,4,288.405,1153.62,Champions
16063,335.32,1,335.32,335.32,Lost Customers
16065,372.09,1,372.09,372.09,Lost Customers
16066,1521.87,5,304.37399999999997,1521.87,Champions
16070,852.15,2,426.075,852.15,Loyal Customers
16071,326.24,1,326.24,326.24,Hibernating
16072,584.3199999999999,1,584.3199999999999,584.3199999999999,Hibernating
16073,122.39999999999999,1,122.39999999999999,122.39999999999999,Lost Customers
16076,2234.73,10,223.473,2234.73,Champions
16078,79.2,1,79.2,79.2,Lost Customers
16079,1352.0,3,450.6666666666667,1352.0,Champions
16080,217.16,2,108.58,217.16,At Risk
16081,2806.9,5,561.38,2806.9,Loyal Customers
16083,1317.62,2,658.81,1317.62,At Risk
16084,436.18,1,436.18,436.18,Lost Customers
16085,981.51,5,196.302,981.51,Champions
16086,1121.39,5,224.27800000000002,1121.39,Loyal Customers
16091,315.06,2,157.53,315.06,At Risk
16092,817.86,3,272.62,817.86,At Risk
16093,17.0,1,17.0,17.0,Lost Customers
16094,1078.23,4,269.5575,1078.23,Champions
16096,320.62,1,320.62,320.62,Lost Customers
16097,185.04999999999998,1,185.04999999999998,185.04999999999998,Lost Customers
16098,2005.63,7,286.5185714285714,2005.6299999999999,Can't Lose Them
16099,731.9,3,243.96666666666667,731.9,Loyal Customers
16101,1290.7,1,1290.7,1290.7,Hibernating
16102,1842.14,3,614.0466666666667,1842.1400000000003,Loyal Customers
16103,1429.64,6,238.27333333333334,1429.64,Champions
16104,302.36,1,302.36,302.36,Hibernating
16105,336.96,1,336.96,336.96,Lost Customers
16106,108.38,1,108.38,108.38,Hibernating
16107,3204.1600000000003,7,457.7371428571429,3204.1600000000003,Champions
16108,842.5,1,842.5,842.5,Hibernating
16109,611.88,2,305.94,611.88,At Risk
16110,1337.48,3,445.82666666666665,1337.48,Loyal Customers
16112,195.73999999999998,4,48.934999999999995,195.73999999999998,At Risk
16113,161.38,1,161.38,161.38,Lost Customers
16114,135.75000000000003,1,135.75000000000003,135.75000000000003,Lost Customers
16115,1667.97,8,208.49625,1667.97,Champions
16116,612.78,1,612.78,612.78,Hibernating
16117,232.21,1,232.21,232.21,Lost Customers
16119,423.36,2,211.68,423.36,Potential Loyalists
16120,1309.14,4,327.285,1309.14,Loyal Customers
16121,867.11,2,433.555,867.11,Loyal Customers
16122,684.4200000000001,4,171.10500000000002,684.4200000000001,At Risk
16123,307.78,1,307.78,307.78,Hibernating
16124,249.0,1,249.0,249.0,Lost Customers
16125,289.35,1,289.35,289.35,Lost Customers
16126,6287.77,4,1571.9425,6287.77,Champions
16127,656.25,1,656.25,656.25,Hibernating
16128,1880.22,5,376.044,1880.2199999999998,Champions
16131,3506.54,6,584.4233333333333,3506.54,Loyal Customers
16133,14589.04,33,442.09212121212124,14589.04,Champions
16134,618.09,2,309.045,618.09,Loyal Customers
16135,517.55,1,517.55,517.55,Hibernating
16136,709.38,3,236.46,709.38,Loyal Customers
16139,635.41,3,211.8033333333333,635.41,Loyal Customers
16140,725.18,2,362.59,725.18,Loyal Customers
16141,620.4,1,620.4,620.4,Hibernating
16142,535.34,1,535.34,535.34,Hibernating
16143,2424.94,6,404.1566666666667,2424.94,Champions
16144,175.2,1,175.2,175.2,Lost Customers
16145,3799.4900000000002,11,345.40818181818184,3799.4900000000002,Champions
16146,734.13,3,244.71,734.13,At Risk
16147,375.0,1,375.0,375.0,Lost Customers
16148,76.32000000000001,1,76.32000000000001,76.32000000000001,Lost Customers
16149,280.52,2,140.26,280.52,Potential Loyalists
16150,2053.02,5,410.604,2053.02,Loyal Customers
16152,1829.04,1,1829.04,1829.04,Hibernating
16153,1824.23,5,364.846,1824.23,Loyal Customers
16156,3122.04,9,346.8933333333333,3122.04,Champions
16157,656.69,3,218.89666666666668,656.69,Loyal Customers
16159,348.2,1,348.2,348.2,Lost Customers
16160,1025.44,2,512.72,1025.44,Loyal Customers
16161,5575.56,19,293.4505263157895,5575.56,Champions
16162,37.4,1,37.4,37.4,Lost Customers
16163,856.6,2,428.3,856.6,At Risk
16164,822.48,3,274.16,822.48,Loyal Customers
16168,3787.6,27,140.28148148148148,3787.6,Champions
16169,1822.97,4,455.7425,1822.97,Champions
16170,1885.05,6,314.175,1885.0500000000002,Loyal Customers
16171,73.2,1,73.2,73.2,Hibernating
16172,1140.21,5,228.042,1140.21,Can't Lose Them
16173,1418.32,6,236.38666666666666,1418.32,Champions
16174,1009.5500000000001,3,336.5166666666667,1009.5500000000002,Can't Lose Them
16175,1037.59,4,259.3975,1037.59,Can't Lose Them
16177,331.95,1,331.95,331.95,Hibernating
16178,197.9,1,197.9,197.9,Lost Customers
16179,215.83,1,215.83,215.83,Hibernating
16180,10254.18,8,1281.7725,10254.18,Can't Lose Them
16181,305.54,1,305.54,305.54,Lost Customers
16182,6617.65,4,1654.4125,6617.65,Can't Lose Them
16183,338.71000000000004,1,338.71000000000004,338.71000000000004,Hibernating
16184,1158.79,6,193.13166666666666,1158.79,Loyal Customers
16185,529.41,2,264.705,529.41,Loyal Customers
16186,4006.94,12,333.9116666666667,4006.9400000000005,Champions
16187,6911.4400000000005,15,460.7626666666667,6911.4400000000005,Champions
16188,981.86,4,245.465,981.86,Loyal Customers
16189,215.48,2,107.74,215.48,Potential Loyalists
16190,215.08,1,215.08,215.08,Hibernating
16191,5180.52,13,398.5015384615385,5180.52,Champions
16193,314.45,1,314.45,314.45,Lost Customers
16198,400.68100000000004,1,400.68100000000004,400.68100000000004,Lost Customers
16200,1080.6200000000001,2,540.3100000000001,1080.6200000000001,Loyal Customers
16201,1863.47,4,465.8675,1863.47,Champions
16202,365.27,1,365.27,365.27,Lost Customers
16203,592.9,4,148.225,592.9,Loyal Customers
16204,405.71,1,405.71,405.71,Potential Loyalists
16205,761.38,4,190.345,761.38,Loyal Customers
16206,537.0600000000001,4,134.26500000000001,537.0600000000001,Loyal Customers
16207,394.38,1,394.38,394.38,Potential Loyalists
16208,664.26,2,332.13,664.26,Loyal Customers
16209,2262.62,5,452.524,2262.62,Can't Lose Them
16210,21086.3,18,1171.461111111111,21086.3,Champions
16211,547.02,1,547.02,547.02,Hibernating
16212,690.34,2,345.17,690.34,Loyal Customers
16213,159.0,1,159.0,159.0,Lost Customers
16214,1062.75,3,354.25,1062.75,Can't Lose Them
16215,242.35,1,242.35,242.35,Lost Customers
16216,914.9300000000001,1,914.9300000000001,914.9300000000001,Hibernating
16217,304.25,2,152.125,304.25,At Risk
16218,3084.68,7,440.6685714285714,3084.68,Champions
16221,864.86,3,288.2866666666667,864.8600000000001,Loyal Customers
16222,846.72,1,846.72,846.72,Hibernating
16224,1295.3,4,323.825,1295.3,Loyal Customers
16225,1096.32,5,219.26399999999998,1096.32,Loyal Customers
16226,255.12,3,85.04,255.12,At Risk
16227,314.22,1,314.22,314.22,Lost Customers
16229,1010.6,2,505.3,1010.6,At Risk
16230,542.03,2,271.015,542.03,At Risk
16232,990.88,4,247.72,990.88,Loyal Customers
16233,536.6800000000001,3,178.89333333333335,536.6800000000001,Loyal Customers
16235,867.31,5,173.462,867.31,Loyal Customers
16236,432.2,1,432.2,432.2,Lost Customers
16239,414.2,2,207.1,414.2,At Risk
16240,3718.8,2,1859.4,3718.8,Loyal Customers
16241,2607.87,13,200.6053846153846,2607.87,Champions
16242,3603.21,7,514.7442857142858,3603.21,Champions
16243,409.1,2,204.55,409.1,At Risk
16244,1522.75,2,761.375,1522.75,At Risk
16245,1413.66,3,471.22,1413.66,Champions
16247,114.56,1,114.56,114.56,Lost Customers
16248,152.94,1,152.94,152.94,Hibernating
16249,1800.07,5,360.014,1800.0700000000002,Loyal Customers
16250,389.44,2,194.72,389.44,At Risk
16253,3683.86,2,1841.93,3683.86,Loyal Customers
16255,2619.91,8,327.48875,2619.91,Champions
16256,752.4300000000001,1,752.4300000000001,752.4300000000001,Hibernating
16257,46.95,1,46.95,46.95,Lost Customers
16258,5203.51,5,1040.702,5203.51,Loyal Customers
16260,1035.45,1,1035.45,1035.45,Hibernating
16261,746.83,4,186.7075,746.83,Loyal Customers
16265,5447.0,9,605.2222222222222,5447.0,Champions
16266,861.89,7,123.12714285714286,861.89,At Risk
16268,667.65,2,333.825,667.65,Loyal Customers
16270,1141.24,1,1141.24,1141.24,Hibernating
16271,1429.24,5,285.848,1429.24,Champions
16272,411.7,1,411.7,411.7,Lost Customers
16274,357.95,1,357.95,357.95,Lost Customers
16275,559.87,1,559.87,559.87,Hibernating
16276,810.6000000000001,1,810.6000000000001,810.6000000000001,Hibernating
16278,566.38,1,566.38,566.38,Hibernating
16279,1509.58,3,503.1933333333333,1509.58,Champions
16281,2062.06,1,2062.06,2062.06,Hibernating
16282,168.3,1,168.3,168.3,Lost Customers
16283,1570.81,5,314.162,1570.81,Champions
16284,823.97,2,411.985,823.97,Loyal Customers
16287,142.5,1,142.5,142.5,Lost Customers
16292,302.25,1,302.25,302.25,Lost Customers
16293,2248.9900000000002,10,224.89900000000003,2248.9900000000002,Champions
16295,1328.55,4,332.1375,1328.55,Champions
16297,301.9,1,301.9,301.9,Lost Customers
16298,598.2,3,199.4,598.2,Loyal Customers
16302,233.22,1,233.22,233.22,Lost Customers
16303,5360.63,3,1786.8766666666668,5360.63,Champions
16305,361.21999999999997,1,361.21999999999997,361.21999999999997,Lost Customers
16306,632.27,6,105.37833333333333,632.27,At Risk
16308,2560.0,4,640.0,2560.0,Loyal Customers
16309,706.57,2,353.285,706.57,At Risk
16311,616.26,2,308.13,616.26,Loyal Customers
16313,274.15000000000003,2,137.07500000000002,274.15000000000003,Potential Loyalists
16315,226.37,1,226.37,226.37,Lost Customers
16316,2938.91,8,367.36375,2938.91,Loyal Customers
16317,1341.65,3,447.2166666666667,1341.65,Can't Lose Them
16318,328.15,1,328.15,328.15,Hibernating
16319,404.40000000000003,1,404.40000000000003,404.40000000000003,Lost Customers
16320,1038.46,2,519.23,1038.46,At Risk
16321,373.65000000000003,5,74.73,373.65000000000003,At Risk
16322,326.75,2,163.375,326.75,Potential Loyalists
16323,207.50000000000003,1,207.50000000000003,207.50000000000003,Lost Customers
16324,428.68,3,142.89333333333335,428.68000000000006,At Risk
16325,594.24,3,198.08,594.24,Loyal Customers
16326,3110.96,14,222.21142857142857,3110.96,Champions
16327,3844.22,6,640.7033333333333,3844.2199999999993,Champions
16330,251.91,3,83.97,251.91,Potential Loyalists
16332,1593.2,7,227.6,1593.2,Champions
16333,26626.8,22,1210.3090909090909,26626.8,Champions
16337,151.05,1,151.05,151.05,Hibernating
16338,214.79999999999998,1,214.79999999999998,214.79999999999998,Lost Customers
16339,109.95,1,109.95,109.95,Lost Customers
16340,549.07,1,549.07,549.07,Hibernating
16341,1971.87,4,492.9675,1971.87,Champions
16342,322.41,4,80.6025,322.41,At Risk
16343,370.47999999999996,2,185.23999999999998,370.47999999999996,Potential Loyalists
16344,101.10000000000001,1,101.10000000000001,101.10000000000001,Lost Customers
16345,575.41,1,575.41,575.41,Hibernating
16347,887.65,2,443.825,887.65,Loyal Customers
16348,1469.45,7,209.92142857142858,1469.45,Champions
16349,53.5,1,53.5,53.5,Lost Customers
16350,1116.47,4,279.1175,1116.47,Champions
16351,153.9,1,153.9,153.9,Lost Customers
16352,494.44,2,247.22,494.44,Loyal Customers
16353,6675.71,23,290.24826086956523,6675.71,Champions
16354,395.8,2,197.9,395.8,At Risk
16356,211.77,3,70.59,211.77,At Risk
16357,658.88,3,219.62666666666667,658.88,Loyal Customers
16358,2027.5,4,506.875,2027.5,Champions
16359,1750.92,9,194.54666666666668,1750.92,Champions
16360,3512.53,6,585.4216666666667,3512.5300000000007,Champions
16361,896.66,4,224.165,896.66,Loyal Customers
16362,734.77,5,146.954,734.77,Loyal Customers
16363,109.36000000000001,1,109.36000000000001,109.36000000000001,Hibernating
16364,707.04,2,353.52,707.04,Loyal Customers
16365,1540.42,9,171.1577777777778,1540.42,Champions
16366,327.3,1,327.3,327.3,Potential Loyalists
16367,804.49,2,402.245,804.49,Loyal Customers
16368,497.43,2,248.715,497.43,Loyal Customers
16369,1553.66,3,517.8866666666667,1553.6599999999999,Champions
16370,1320.56,4,330.14,1320.56,Can't Lose Them
16372,367.93,2,183.965,367.93,At Risk
16374,473.03000000000003,2,236.51500000000001,473.03000000000003,At Risk
16376,987.01,2,493.505,987.01,Loyal Customers
16377,676.2,1,676.2,676.2,Hibernating
16378,362.95,3,120.98333333333333,362.95,At Risk
16379,2157.4,4,539.35,2157.4,Champions
16380,1780.59,1,1780.59,1780.59,Hibernating
16383,668.36,2,334.18,668.36,At Risk
16384,584.5,2,292.25,584.5,At Risk
16385,555.89,3,185.29666666666665,555.89,Loyal Customers
16386,317.2,2,158.6,317.2,Potential Loyalists
16387,94.36,1,94.36,94.36,Lost Customers
16389,1382.07,4,345.5175,1382.07,Loyal Customers
16392,221.19,1,221.19,221.19,Lost Customers
16393,3046.21,13,234.32384615384615,3046.21,Champions
16394,1555.34,5,311.068,1555.34,Loyal Customers
16395,1486.9,5,297.38,1486.9,Loyal Customers
16398,1705.8,2,852.9,1705.8,At Risk
16399,408.57,2,204.285,408.57,Potential Loyalists
16400,303.93,1,303.93,303.93,Lost Customers
16401,4098.32,12,341.52666666666664,4098.32,Champions
16402,299.6,2,149.8,299.6,At Risk
16403,177.5,1,177.5,177.5,Lost Customers
16404,443.05,1,443.05,443.05,Hibernating
16405,167.25,2,83.625,167.25,At Risk
16406,163.07,1,163.07,163.07,Potential Loyalists
16407,2126.93,10,212.69299999999998,2126.93,Champions
16409,2028.88,5,405.776,2028.88,Loyal Customers
16411,214.65,2,107.325,214.65,Potential Loyalists
16412,151.83,1,151.83,151.83,Hibernating
16413,262.2,1,262.2,262.2,Hibernating
16414,126.25,2,63.125,126.25,Potential Loyalists
16415,210.35,1,210.35,210.35,Hibernating
16416,1051.4,3,350.4666666666667,1051.4,Champions
16418,675.27,3,225.09,675.27,Loyal Customers
16419,972.23,6,162.03833333333333,972.23,Can't Lose Them
16422,34684.4,51,680.086274509804,34684.4,Champions
16423,346.12,1,346.12,346.12,Potential Loyalists
16424,133.56,1,133.56,133.56,Lost Customers
16425,302.7,1,302.7,302.7,Lost Customers
16426,1908.25,10,190.825,1908.25,Champions
16427,241.06,2,120.53,241.06,At Risk
16429,284.55,1,284.55,284.55,Lost Customers
16430,300.85,1,300.85,300.85,Hibernating
16431,642.81,3,214.26999999999998,642.81,At Risk
16432,287.4,1,287.4,287.4,Hibernating
16433,184.26,1,184.26,184.26,Potential Loyalists
16434,1522.25,7,217.46428571428572,1522.25,Champions
16438,798.35,5,159.67000000000002,798.3500000000001,Loyal Customers
16440,3640.67,5,728.134,3640.67,Champions
16441,381.2,2,190.6,381.2,At Risk
16442,616.79,3,205.59666666666666,616.79,Loyal Customers
16444,654.67,4,163.6675,654.67,Loyal Customers
16445,230.51,1,230.51,230.51,Hibernating
16446,168472.5,2,84236.25,168472.5,Loyal Customers
16447,259.01,1,259.01,259.01,Lost Customers
16448,188.89000000000001,1,188.89000000000001,188.89000000000001,Lost Customers
16449,707.69,2,353.845,707.69,At Risk
16450,311.92,1,311.92,311.92,Lost Customers
16451,266.97,1,266.97,266.97,Lost Customers
16454,6.9,2,3.45,6.9,At Risk
16455,1841.18,7,263.0257142857143,1841.18,Loyal Customers
16456,2158.37,5,431.674,2158.37,Can't Lose Them
16457,208.36,1,208.36,208.36,Lost Customers
16458,3482.7400000000002,18,193.48555555555558,3482.7400000000002,Champions
16460,814.72,3,271.5733333333333,814.72,Loyal Customers
16461,151.42,1,151.42,151.42,Lost Customers
16462,136.0,3,45.333333333333336,136.0,At Risk
16463,1422.4,4,355.6,1422.4,Champions
16464,1314.68,3,438.2266666666667,1314.68,Champions
16466,1603.46,7,229.06571428571428,1603.46,Loyal Customers
16468,74.9,1,74.9,74.9,Lost Customers
16469,650.43,4,162.6075,650.43,Loyal Customers
16470,762.39,4,190.5975,762.39,Loyal Customers
16471,223.95000000000002,1,223.95000000000002,223.95000000000002,Lost Customers
16473,316.11,3,105.37,316.11,At Risk
16474,1871.5,7,267.35714285714283,1871.4999999999998,Champions
16475,544.3,4,136.075,544.3,At Risk
16477,2494.46,7,356.3514285714286,2494.46,Loyal Customers
16478,331.0,3,110.33333333333333,331.0,Potential Loyalists
16479,300.83,2,150.415,300.83,Potential Loyalists
16480,769.29,1,769.29,769.29,Hibernating
16482,220.62,1,220.62,220.62,Potential Loyalists
16483,139.35,1,139.35,139.35,Lost Customers
16484,404.3,2,202.15,404.3,At Risk
16485,363.65,1,363.65,363.65,Lost Customers
16488,498.8,3,166.26666666666668,498.80000000000007,Loyal Customers
16491,731.5,1,731.5,731.5,Hibernating
16493,1351.63,4,337.9075,1351.63,Can't Lose Them
16494,826.53,1,826.53,826.53,Hibernating
16495,684.41,3,228.13666666666666,684.41,Loyal Customers
16496,1599.52,3,533.1733333333333,1599.52,Champions
16497,2965.69,6,494.2816666666667,2965.69,Loyal Customers
16498,100.97,2,50.485,100.97,At Risk
16499,365.45,2,182.725,365.45,At Risk
16500,400.86,6,66.81,400.86,Potential Loyalists
16503,1431.93,4,357.9825,1431.93,Can't Lose Them
16504,484.38,1,484.38,484.38,Potential Loyalists
16505,777.6,1,777.6,777.6,Potential Loyalists
16506,90.30000000000001,2,45.150000000000006,90.30000000000001,Potential Loyalists
16509,363.7,1,363.7,363.7,Lost Customers
16510,248.1,1,248.1,248.1,Lost Customers
16511,950.26,3,316.75333333333333,950.26,Champions
16513,874.59,4,218.6475,874.59,Loyal Customers
16515,1627.13,5,325.42600000000004,1627.13,Loyal Customers
16516,101.69999999999999,1,101.69999999999999,101.69999999999999,Potential Loyalists
16517,162.7,1,162.7,162.7,Lost Customers
16518,484.32,2,242.16,484.32,At Risk
16519,215.07999999999998,2,107.53999999999999,215.07999999999998,Potential Loyalists
16520,1046.57,3,348.8566666666666,1046.57,Can't Lose Them
16523,9418.470000000001,21,448.4985714285715,9418.470000000001,Champions
16525,13027.45,26,501.0557692307693,13027.45,Champions
16526,290.36,1,290.36,290.36,Lost Customers
16527,228.06,1,228.06,228.06,Lost Customers
16528,244.41,1,244.41,244.41,Potential Loyalists
16529,455.25,1,455.25,455.25,Lost Customers
16531,1244.59,7,177.79857142857142,1244.59,Champions
16532,6748.8,3,2249.6,6748.799999999999,Champions
16533,1095.56,3,365.18666666666667,1095.56,Champions
16535,593.75,1,593.75,593.75,Potential Loyalists
16536,548.97,1,548.97,548.97,Hibernating
16539,1388.81,4,347.2025,1388.81,Champions
16542,119.62,1,119.62,119.62,Hibernating
16545,339.3,1,339.3,339.3,Lost Customers
16546,787.15,2,393.575,787.15,At Risk
16549,4154.64,10,415.46400000000006,4154.64,Champions
16550,2298.97,5,459.794,2298.97,Can't Lose Them
16551,922.12,3,307.37333333333333,922.12,At Risk
16552,379.73,2,189.865,379.73,At Risk
16553,5719.82,12,476.65166666666664,5719.82,Can't Lose Them
16554,837.1,3,279.03333333333336,837.1000000000001,Loyal Customers
16555,285.89,2,142.945,285.89,At Risk
16556,3313.79,7,473.3985714285714,3313.79,Loyal Customers
16557,281.85,2,140.925,281.85,Potential Loyalists
16558,8338.49,20,416.92449999999997,8338.49,Champions
16560,841.41,2,420.705,841.41,Loyal Customers
16561,511.12,2,255.56,511.12,Loyal Customers
16563,1077.74,1,1077.74,1077.74,Hibernating
16565,173.7,1,173.7,173.7,Lost Customers
16566,614.66,5,122.93199999999999,614.66,Loyal Customers
16567,865.6,2,432.8,865.6,At Risk
16569,124.2,1,124.2,124.2,Potential Loyalists
16570,3738.4,10,373.84000000000003,3738.4000000000005,Champions
16571,1421.69,3,473.8966666666667,1421.69,Champions
16572,1009.6,3,336.53333333333336,1009.6000000000001,Can't Lose Them
16573,663.61,2,331.805,663.61,At Risk
16574,451.44,1,451.44,451.44,Hibernating
16581,105.84,1,105.84,105.84,Lost Customers
16582,313.62,1,313.62,313.62,Lost Customers
16583,233.45,1,233.45,233.45,Lost Customers
16584,936.08,2,468.04,936.08,At Risk
16586,463.95,1,463.95,463.95,Lost Customers
16587,225.15,1,225.15,225.15,Lost Customers
16589,459.24,3,153.08,459.24,At Risk
16591,213.5,1,213.5,213.5,Hibernating
16592,4113.68,16,257.105,4113.68,Champions
16593,330.03,3,110.00999999999999,330.03,At Risk
16594,181.09,1,181.09,181.09,Lost Customers
16595,360.16,1,360.16,360.16,Hibernating
16596,250.15,2,125.075,250.15,Potential Loyalists
16597,90.04,1,90.04,90.04,Potential Loyalists
16598,145.04999999999998,1,145.04999999999998,145.04999999999998,Lost Customers
16600,813.52,6,135.58666666666667,813.52,Loyal Customers
16601,244.79999999999998,1,244.79999999999998,244.79999999999998,Hibernating
16602,528.08,1,528.08,528.08,Hibernating
16603,482.47,2,241.235,482.47,At Risk
16607,3347.71,14,239.12214285714285,3347.71,Champions
16609,5493.46,7,784.78,5493.46,Champions
16610,75.66,1,75.66,75.66,Lost Customers
16611,129.49,1,129.49,129.49,Lost Customers
16612,1187.66,4,296.915,1187.66,Loyal Customers
16613,618.59,1,618.59,618.59,Hibernating
16614,506.19,1,506.19,506.19,Hibernating
16616,500.42,2,250.21,500.42,Loyal Customers
16617,151.85,1,151.85,151.85,Lost Customers
16618,2647.59,5,529.518,2647.59,Champions
16619,226.21,1,226.21,226.21,Lost Customers
16620,178.96,2,89.48,178.96,Potential Loyalists
16621,813.48,4,203.37,813.48,Loyal Customers
16623,129.45,1,129.45,129.45,Lost Customers
16624,810.5699999999999,2,405.28499999999997,810.5699999999999,At Risk
16625,333.08,1,333.08,333.08,Lost Customers
16626,4413.1,17,259.59411764705885,4413.1,Champions
16627,322.8,1,322.8,322.8,Lost Customers
16628,2188.05,5,437.61,2188.05,Champions
16629,417.73,2,208.865,417.73,At Risk
16633,2883.1,6,480.51666666666665,2883.1,Champions
16634,217.9,2,108.95,217.9,At Risk
16637,1154.47,4,288.6175,1154.47,Champions
16638,1680.72,10,168.072,1680.72,Champions
16639,1257.51,3,419.17,1257.51,Champions
16641,231.10000000000002,1,231.10000000000002,231.10000000000002,Lost Customers
16642,688.33,2,344.165,688.33,Loyal Customers
16643,487.51,1,487.51,487.51,Lost Customers
16644,833.78,2,416.89,833.78,At Risk
16647,214.06,2,107.03,214.06,At Risk
16648,290.65999999999997,1,290.65999999999997,290.65999999999997,Hibernating
16650,518.42,1,518.42,518.42,Hibernating
16652,6773.97,7,967.71,6773.97,Loyal Customers
16653,1212.66,2,606.33,1212.66,Loyal Customers
16654,601.27,4,150.3175,601.27,At Risk
16655,3794.52,6,632.42,3794.5199999999995,Champions
16656,8625.8,15,575.0533333333333,8625.8,Champions
16657,933.62,4,233.405,933.62,Loyal Customers
16658,123.24,1,123.24,123.24,Lost Customers
16659,39.12,1,39.12,39.12,Lost Customers
16660,1267.6499999999999,4,316.91249999999997,1267.6499999999999,Champions
16665,135.39999999999998,1,135.39999999999998,135.39999999999998,Lost Customers
16666,118.98,1,118.98,118.98,Potential Loyalists
16667,570.13,2,285.065,570.13,Loyal Customers
16668,306.71999999999997,6,51.12,306.71999999999997,Potential Loyalists
16669,1374.8700000000001,3,458.29,1374.8700000000001,Champions
16670,4095.9,11,372.3545454545455,4095.9,Champions
16671,1692.27,3,564.09,1692.27,Champions
16672,8134.9400000000005,20,406.747,8134.9400000000005,Champions
16674,319.61,2,159.805,319.61,At Risk
16676,1592.1200000000001,4,398.03000000000003,1592.1200000000001,Loyal Customers
16678,3109.99,12,259.1658333333333,3109.99,Champions
16679,129.75,1,129.75,129.75,Lost Customers
16680,183.7,1,183.7,183.7,Hibernating
16681,1770.34,6,295.0566666666667,1770.3400000000001,Can't Lose Them
16682,1028.0,5,205.6,1028.0,Champions
16684,66653.56,28,2380.4842857142858,66653.56,Champions
16685,324.24,2,162.12,324.24,At Risk
16686,3062.83,7,437.54714285714283,3062.83,Loyal Customers
16688,1260.86,4,315.215,1260.86,Champions
16689,422.59999999999997,2,211.29999999999998,422.59999999999997,At Risk
16690,225.57999999999998,2,112.78999999999999,225.57999999999998,At Risk
16692,1276.0,2,638.0,1276.0,At Risk
16693,482.01,2,241.005,482.01,At Risk
16696,657.9000000000001,4,164.47500000000002,657.9000000000001,At Risk
16697,112.75,1,112.75,112.75,Lost Customers
16698,1998.0,2,999.0,1998.0,At Risk
16700,5076.55,13,390.50384615384615,5076.55,Champions
16701,5398.3,13,415.25384615384615,5398.3,Champions
16705,14034.99,20,701.7495,14034.99,Champions
16706,531.35,3,177.11666666666667,531.35,Loyal Customers
16708,656.63,1,656.63,656.63,Hibernating
16709,3029.87,5,605.9739999999999,3029.87,Can't Lose Them
16710,2483.04,10,248.304,2483.04,Champions
16711,1651.03,5,330.206,1651.0300000000002,Champions
16712,3645.43,11,331.40272727272725,3645.43,Champions
16713,6923.13,15,461.54200000000003,6923.13,Champions
16714,1161.53,3,387.1766666666667,1161.53,Can't Lose Them
16715,301.71999999999997,1,301.71999999999997,301.71999999999997,Lost Customers
16716,901.2,2,450.6,901.2,At Risk
16717,3858.38,6,643.0633333333334,3858.38,Champions
16718,623.75,1,623.75,623.75,Hibernating
16719,1790.42,7,255.77428571428572,1790.42,Champions
16720,155.24,1,155.24,155.24,Potential Loyalists
16721,292.47,1,292.47,292.47,Lost Customers
16722,4730.81,13,363.90846153846155,4730.81,Champions
16723,589.15,2,294.575,589.15,At Risk
16725,781.02,7,111.57428571428571,781.02,At Risk
16726,1382.02,5,276.404,1382.02,Champions
16727,272.82,1,272.82,272.82,Lost Customers
16728,1054.67,4,263.6675,1054.67,Loyal Customers
16729,7239.92,21,344.7580952380952,7239.92,Loyal Customers
16730,743.11,3,247.70333333333335,743.11,Loyal Customers
16732,603.75,1,603.75,603.75,Potential Loyalists
16734,650.51,3,216.83666666666667,650.51,Loyal Customers
16735,2300.56,5,460.11199999999997,2300.56,Can't Lose Them
16737,417.59999999999997,1,417.59999999999997,417.59999999999997,Hibernating
16738,3.75,1,3.75,3.75,Lost Customers
16739,323.0,1,323.0,323.0,Lost Customers
16742,464.9,1,464.9,464.9,Hibernating
16743,2238.09,7,319.7271428571429,2238.09,Champions
16744,1304.76,7,186.3942857142857,1304.76,Champions
16745,7194.3,17,423.1941176470588,7194.3,Can't Lose Them
16746,6697.66,18,372.09222222222223,6697.66,Champions
16747,836.06,2,418.03,836.06,Loyal Customers
16748,1515.9,5,303.18,1515.9,Champions
16750,623.93,5,124.78599999999999,623.93,Loyal Customers
16751,1764.72,1,1764.72,1764.72,Potential Loyalists
16752,207.5,1,207.5,207.5,Lost Customers
16753,223.92000000000002,1,223.92000000000002,223.92000000000002,Hibernating
16754,2002.4,1,2002.4,2002.4,Hibernating
16755,1496.83,3,498.9433333333333,1496.83,Can't Lose Them
16756,239.4,1,239.4,239.4,Lost Customers
16757,106.83000000000001,1,106.83000000000001,106.83000000000001,Lost Customers
16758,369.34000000000003,1,369.34000000000003,369.34000000000003,Hibernating
16759,789.79,3,263.2633333333333,789.79,Loyal Customers
16761,316.62,1,316.62,316.62,Lost Customers
16762,1501.38,3,500.46000000000004,1501.38,Champions
16763,611.85,1,611.85,611.85,Hibernating
16764,2799.25,13,215.32692307692307,2799.25,Champions
16765,34.0,1,34.0,34.0,Lost Customers
16766,1145.6,2,572.8,1145.6,At Risk
16767,5580.6,11,507.32727272727277,5580.6,Champions
16768,478.09000000000003,3,159.36333333333334,478.09000000000003,At Risk
16769,380.39,1,380.39,380.39,Lost Customers
16770,770.1,5,154.02,770.1,Loyal Customers
16771,2246.81,5,449.36199999999997,2246.81,Loyal Customers
16773,171.59,1,171.59,171.59,Hibernating
16774,661.52,4,165.38,661.52,Loyal Customers
16775,1695.66,11,154.1509090909091,1695.66,Champions
16776,388.28,1,388.28,388.28,Hibernating
16777,226.35,2,113.175,226.35,At Risk
16778,245.94,2,122.97,245.94,At Risk
16779,10629.720000000001,22,483.169090909091,10629.720000000001,Champions
16780,425.19,2,212.595,425.19,At Risk
16781,311.25,1,311.25,311.25,Lost Customers
16782,2279.9,13,175.37692307692308,2279.9,Champions
16784,107.6,1,107.6,107.6,Potential Loyalists
16788,597.48,2,298.74,597.48,At Risk
16789,80.8,1,80.8,80.8,Potential Loyalists
16790,1545.6200000000001,6,257.60333333333335,1545.6200000000001,Champions
16791,1721.78,7,245.96857142857144,1721.78,Champions
16792,110.38000000000001,2,55.190000000000005,110.38000000000001,At Risk
16793,243.84,1,243.84,243.84,Hibernating
16794,1222.71,10,122.271,1222.71,Champions
16795,414.88,1,414.88,414.88,Lost Customers
16796,305.62,1,305.62,305.62,Lost Customers
16800,1201.49,1,1201.49,1201.49,Potential Loyalists
16801,1619.73,4,404.9325,1619.73,Can't Lose Them
16803,332.3,1,332.3,332.3,Hibernating
16804,536.99,3,178.99666666666667,536.99,Loyal Customers
16805,460.59,2,230.295,460.59,At Risk
16806,801.49,4,200.3725,801.49,At Risk
16807,1121.59,3,373.8633333333333,1121.59,Can't Lose Them
16808,288.42,2,144.21,288.42,At Risk
16809,914.69,5,182.93800000000002,914.69,Loyal Customers
16810,309.54,1,309.54,309.54,Lost Customers
16811,547.07,2,273.535,547.07,Loyal Customers
16812,479.35,1,479.35,479.35,Lost Customers
16813,1692.98,10,169.298,1692.98,Champions
16814,6509.1,21,309.95714285714286,6509.1,Champions
16816,417.06,4,104.265,417.06,At Risk
16817,1604.75,9,178.30555555555554,1604.75,Champions
16818,3349.57,11,304.50636363636363,3349.5699999999997,Champions
16820,497.61,1,497.61,497.61,Hibernating
16823,358.38,1,358.38,358.38,Lost Customers
16824,460.64,2,230.32,460.64,Potential Loyalists
16825,775.1800000000001,2,387.59000000000003,775.1800000000001,Loyal Customers
16826,341.7,1,341.7,341.7,Hibernating
16828,128.5,2,64.25,128.5,At Risk
16829,197.22,1,197.22,197.22,Lost Customers
16830,325.91,1,325.91,325.91,Hibernating
16832,199.15,3,66.38333333333334,199.15000000000003,At Risk
16833,1106.53,4,276.6325,1106.53,Champions
16834,413.46,1,413.46,413.46,Lost Customers
16835,180.85,2,90.425,180.85,At Risk
16836,251.87,2,125.935,251.87,At Risk
16837,3170.98,11,288.2709090909091,3170.9799999999996,Champions
16838,588.85,2,294.425,588.85,At Risk
16839,16594.35,34,488.06911764705876,16594.35,Champions
16841,1869.82,6,311.63666666666666,1869.82,Loyal Customers
16842,1264.19,3,421.3966666666667,1264.19,Can't Lose Them
16843,10196.57,16,637.285625,10196.57,Loyal Customers
16846,214.32,1,214.32,214.32,Hibernating
16847,193.44,1,193.44,193.44,Hibernating
16848,281.42,1,281.42,281.42,Hibernating
16849,124.57,1,124.57,124.57,Lost Customers
16850,332.41,1,332.41,332.41,Lost Customers
16851,342.45,3,114.14999999999999,342.45,Potential Loyalists
16852,144.91000000000003,2,72.45500000000001,144.91000000000003,Potential Loyalists
16855,328.4,2,164.2,328.4,Potential Loyalists
16856,35.400000000000006,1,35.400000000000006,35.400000000000006,Potential Loyalists
16858,375.69000000000005,1,375.69000000000005,375.69000000000005,Lost Customers
16859,747.81,2,373.905,747.81,At Risk
16861,173.76,2,86.88,173.76,At Risk
16863,502.8,2,251.4,502.8,Loyal Customers
16866,207.73999999999998,3,69.24666666666666,207.73999999999995,At Risk
16869,825.42,4,206.355,825.42,Loyal Customers
16871,2812.34,6,468.72333333333336,2812.34,Champions
16872,680.02,3,226.67333333333332,680.02,At Risk
16873,7123.62,6,1187.27,7123.62,Champions
16875,2095.53,5,419.10600000000005,2095.53,Loyal Customers
16877,853.72,6,142.28666666666666,853.72,Loyal Customers
16878,13.3,1,13.3,13.3,Lost Customers
16880,1519.08,7,217.01142857142855,1519.08,Champions
16881,432.0,1,432.0,432.0,Hibernating
16882,705.12,3,235.04,705.12,Loyal Customers
16883,276.73,2,138.365,276.73,At Risk
16884,429.84000000000003,2,214.92000000000002,429.84000000000003,At Risk
16885,471.51,3,157.17,471.51,Potential Loyalists
16887,194.88,1,194.88,194.88,Hibernating
16889,1578.67,3,526.2233333333334,1578.67,Can't Lose Them
16891,809.7,5,161.94,809.7,Loyal Customers
16892,525.54,5,105.10799999999999,525.54,Loyal Customers
16893,145.93,1,145.93,145.93,Lost Customers
16895,219.14,1,219.14,219.14,Hibernating
16897,289.78,2,144.89,289.78,At Risk
16898,508.81,3,169.60333333333332,508.80999999999995,Loyal Customers
16899,1281.56,6,213.59333333333333,1281.56,Champions
16900,887.11,3,295.7033333333333,887.1099999999999,Loyal Customers
16902,1706.88,1,1706.88,1706.88,Hibernating
16903,373.24,1,373.24,373.24,Potential Loyalists
16904,3754.27,16,234.641875,3754.27,Champions
16905,3102.43,7,443.2042857142857,3102.43,Champions
16906,579.77,4,144.9425,579.77,At Risk
16907,981.65,5,196.32999999999998,981.6499999999999,Champions
16909,379.14,1,379.14,379.14,Lost Customers
16910,1510.06,8,188.7575,1510.06,Champions
16912,2575.38,11,234.12545454545455,2575.38,Champions
16913,113.44,1,113.44,113.44,Lost Customers
16914,208.46,1,208.46,208.46,Hibernating
16915,621.6800000000001,6,103.61333333333334,621.6800000000001,Loyal Customers
16916,576.26,2,288.13,576.26,Loyal Customers
16917,391.52,1,391.52,391.52,Lost Customers
16918,1068.82,6,178.13666666666666,1068.82,Loyal Customers
16919,2596.45,11,236.04090909090908,2596.45,Can't Lose Them
16921,169.79,1,169.79,169.79,Hibernating
16923,7247.61,19,381.4531578947368,7247.61,Champions
16924,846.75,3,282.25,846.75,Loyal Customers
16926,230.25,1,230.25,230.25,Lost Customers
16927,543.05,3,181.01666666666665,543.05,At Risk
16928,2847.6,17,167.50588235294117,2847.6,Can't Lose Them
16929,1295.39,7,185.0557142857143,1295.39,Champions
16930,380.55,3,126.85000000000001,380.55,Potential Loyalists
16931,4604.22,21,219.24857142857144,4604.22,Champions
16932,161.94,1,161.94,161.94,Hibernating
16933,563.23,2,281.615,563.23,Loyal Customers
16934,950.9300000000001,2,475.46500000000003,950.9300000000001,Loyal Customers
16936,262.68,1,262.68,262.68,Potential Loyalists
16938,2736.38,4,684.095,2736.38,Champions
16940,3049.88,3,1016.6266666666667,3049.88,Loyal Customers
16942,1920.59,9,213.39888888888888,1920.59,Champions
16943,816.73,3,272.24333333333334,816.73,At Risk
16945,4345.5,19,228.71052631578948,4345.5,Champions
16947,406.48,1,406.48,406.48,Lost Customers
16948,435.02,3,145.00666666666666,435.02,At Risk
16949,1286.27,6,214.37833333333333,1286.27,Champions
16950,1178.56,3,392.8533333333333,1178.56,Loyal Customers
16951,1277.75,3,425.9166666666667,1277.75,Can't Lose Them
16952,167.61,2,83.805,167.61,At Risk
16953,20.8,1,20.8,20.8,Potential Loyalists
16954,2085.08,9,231.67555555555555,2085.08,Champions
16955,518.67,4,129.6675,518.67,At Risk
16956,308.74,1,308.74,308.74,Potential Loyalists
16957,416.64,2,208.32,416.64,At Risk
16959,117.35000000000001,1,117.35000000000001,117.35000000000001,Lost Customers
16960,507.05,3,169.01666666666668,507.05000000000007,Loyal Customers
16961,234.17,1,234.17,234.17,Lost Customers
16963,110.55000000000001,1,110.55000000000001,110.55000000000001,Lost Customers
16965,201.19,1,201.19,201.19,Lost Customers
16966,2154.97,7,307.8528571428571,2154.97,Champions
16967,319.02,1,319.02,319.02,Lost Customers
16968,439.43,2,219.715,439.43,Potential Loyalists
16969,650.41,3,216.8033333333333,650.41,Loyal Customers
16971,357.21,1,357.21,357.21,Hibernating
16976,251.51999999999998,1,251.51999999999998,251.51999999999998,Lost Customers
16978,344.33,1,344.33,344.33,Lost Customers
16979,1852.0,6,308.6666666666667,1852.0,Champions
16980,1078.96,2,539.48,1078.96,At Risk
16982,384.06,1,384.06,384.06,Hibernating
16983,1931.25,7,275.89285714285717,1931.2500000000002,Champions
16984,4481.35,2,2240.675,4481.35,At Risk
16985,5464.12,10,546.412,5464.120000000001,Champions
16986,1873.2,2,936.6,1873.2,Loyal Customers
16987,1625.05,7,232.15,1625.05,Champions
16988,126.12,1,126.12,126.12,Potential Loyalists
16989,1133.25,6,188.875,1133.25,Champions
16990,179.0,1,179.0,179.0,Lost Customers
16992,1614.31,5,322.86199999999997,1614.31,Champions
16996,1456.96,6,242.82666666666668,1456.96,Champions
16997,702.0,3,234.0,702.0,At Risk
16998,295.0,4,73.75,295.0,At Risk
16999,484.82,2,242.41,484.82,Potential Loyalists
17001,3989.57,11,362.6881818181818,3989.57,Champions
17002,1493.73,3,497.91,1493.73,Can't Lose Them
17004,1412.94,2,706.47,1412.94,Loyal Customers
17006,781.78,4,195.445,781.78,Loyal Customers
17007,889.9300000000001,6,148.3216666666667,889.9300000000001,Loyal Customers
17010,195.36,1,195.36,195.36,Potential Loyalists
17011,270.9,1,270.9,270.9,Potential Loyalists
17014,586.33,3,195.44333333333336,586.33,Loyal Customers
17015,1842.56,3,614.1866666666666,1842.56,Champions
17017,8694.26,20,434.713,8694.26,Champions
17018,920.1,2,460.05,920.1,Loyal Customers
17019,1272.61,4,318.1525,1272.61,Champions
17022,71.0,1,71.0,71.0,Potential Loyalists
17024,95.85,3,31.95,95.85,At Risk
17025,357.77,3,119.25666666666666,357.77,At Risk
17026,154.82999999999998,2,77.41499999999999,154.82999999999998,At Risk
17027,890.29,6,148.38166666666666,890.29,At Risk
17029,716.0,2,358.0,716.0,At Risk
17030,146.87,1,146.87,146.87,Hibernating
17031,380.35,2,190.175,380.35,Potential Loyalists
17033,1030.14,3,343.38000000000005,1030.14,Can't Lose Them
17034,745.52,3,248.50666666666666,745.52,Loyal Customers
17035,433.53000000000003,2,216.76500000000001,433.53000000000003,At Risk
17037,1267.32,1,1267.32,1267.32,Hibernating
17038,112.4,1,112.4,112.4,Potential Loyalists
17040,449.73,1,449.73,449.73,Lost Customers
17041,1081.57,3,360.5233333333333,1081.57,Champions
17042,1044.3799999999999,5,208.87599999999998,1044.3799999999999,Champions
17043,1735.18,4,433.795,1735.18,Champions
17044,948.48,1,948.48,948.48,Potential Loyalists
17045,339.44,3,113.14666666666666,339.44,At Risk
17046,642.02,1,642.02,642.02,Hibernating
17047,1100.9,3,366.9666666666667,1100.9,Can't Lose Them
17048,925.35,3,308.45,925.3499999999999,At Risk
17049,5659.9800000000005,9,628.8866666666668,5659.980000000001,Champions
17050,3228.84,6,538.14,3228.84,Can't Lose Them
17051,247.14000000000001,1,247.14000000000001,247.14000000000001,Lost Customers
17052,413.75,1,413.75,413.75,Potential Loyalists
17053,498.48,1,498.48,498.48,Hibernating
17054,1356.33,5,271.26599999999996,1356.33,Champions
17058,1179.89,3,393.2966666666667,1179.89,Can't Lose Them
17059,3095.04,5,619.008,3095.04,Champions
17060,234.24,1,234.24,234.24,Lost Customers
17061,5232.2300000000005,11,475.65727272727275,5232.2300000000005,Can't Lose Them
17062,538.37,4,134.5925,538.37,At Risk
17063,1461.14,7,208.73428571428573,1461.14,Champions
17064,859.35,3,286.45,859.3499999999999,Loyal Customers
17068,4552.14,21,216.76857142857145,4552.14,Champions
17069,2709.7000000000003,9,301.0777777777778,2709.7,Champions
17070,312.14,1,312.14,312.14,Lost Customers
17071,2429.03,9,269.89222222222224,2429.03,Champions
17073,1446.09,4,361.5225,1446.09,Champions
17075,834.12,4,208.53,834.12,Loyal Customers
17076,841.0799999999999,3,280.35999999999996,841.0799999999999,Loyal Customers
17078,378.2,2,189.1,378.2,At Risk
17079,118.80000000000001,1,118.80000000000001,118.80000000000001,Lost Customers
17080,287.62,2,143.81,287.62,Potential Loyalists
17081,290.16,2,145.08,290.16,Potential Loyalists
17082,2003.85,2,1001.925,2003.85,Loyal Customers
17083,1405.78,3,468.5933333333333,1405.78,Can't Lose Them
17084,2949.75,2,1474.875,2949.75,Loyal Customers
17085,1566.65,5,313.33000000000004,1566.65,Can't Lose Them
17086,2050.08,6,341.68,2050.08,Champions
17088,1991.01,4,497.7525,1991.01,Champions
17090,2043.95,7,291.99285714285713,2043.9499999999998,Champions
17091,3827.76,9,425.3066666666667,3827.76,Champions
17092,1777.78,4,444.445,1777.78,Loyal Customers
17094,302.0,1,302.0,302.0,Lost Customers
17095,1324.16,3,441.3866666666667,1324.16,Champions
17096,1022.13,4,255.5325,1022.13,Champions
17097,954.42,8,119.3025,954.42,Champions
17100,971.74,2,485.87,971.74,Loyal Customers
17101,1621.73,4,405.4325,1621.73,Champions
17102,25.5,1,25.5,25.5,Lost Customers
17105,665.78,2,332.89,665.78,At Risk
17107,10815.43,6,1802.5716666666667,10815.43,Loyal Customers
17109,885.04,6,147.50666666666666,885.04,Loyal Customers
17110,163.29999999999998,1,163.29999999999998,163.29999999999998,Lost Customers
17111,248.61,1,248.61,248.61,Hibernating
17114,808.62,8,101.0775,808.62,Loyal Customers
17115,837.5,3,279.1666666666667,837.5,Loyal Customers
17117,116.19999999999999,1,116.19999999999999,116.19999999999999,Lost Customers
17118,157.02,1,157.02,157.02,Lost Customers
17119,606.91,2,303.455,606.91,Loyal Customers
17120,307.46,1,307.46,307.46,Lost Customers
17122,138.32,1,138.32,138.32,Lost Customers
17123,345.29999999999995,1,345.29999999999995,345.29999999999995,Lost Customers
17124,298.89,1,298.89,298.89,Lost Customers
17125,259.35,1,259.35,259.35,Hibernating
17126,1004.75,5,200.95,1004.75,Can't Lose Them
17128,157.09,1,157.09,157.09,Lost Customers
17131,2463.17,5,492.634,2463.17,Champions
17133,4892.240000000001,7,698.8914285714287,4892.240000000001,Champions
17134,425.0,2,212.5,425.0,At Risk
17135,1139.73,7,162.81857142857143,1139.73,Champions
17138,380.5,1,380.5,380.5,Lost Customers
17139,10668.47,12,889.0391666666666,10668.47,Champions
17140,465.32,1,465.32,465.32,Lost Customers
17142,579.0,1,579.0,579.0,Hibernating
17144,984.57,2,492.285,984.57,Loyal Customers
17146,749.78,3,249.92666666666665,749.78,At Risk
17147,1714.59,4,428.6475,1714.59,Champions
17148,124.88,1,124.88,124.88,Hibernating
17152,1689.5,3,563.1666666666666,1689.5,Can't Lose Them
17153,213.78,1,213.78,213.78,Potential Loyalists
17154,329.34,1,329.34,329.34,Lost Customers
17155,251.70000000000002,2,125.85000000000001,251.70000000000002,Potential Loyalists
17157,319.0,2,159.5,319.0,Potential Loyalists
17158,1266.97,3,422.3233333333333,1266.97,Champions
17159,1538.88,3,512.96,1538.88,Champions
17160,3518.03,6,586.3383333333334,3518.03,Champions
17162,1715.46,10,171.546,1715.46,Champions
17163,293.1,2,146.55,293.1,Potential Loyalists
17164,2467.35,7,352.4785714285714,2467.35,Loyal Customers
17165,158.68,1,158.68,158.68,Lost Customers
17166,206.34,2,103.17,206.34,At Risk
17169,835.78,2,417.89,835.78,Loyal Customers
17171,224.91,1,224.91,224.91,Lost Customers
17172,317.76,1,317.76,317.76,Lost Customers
17173,3766.6,8,470.825,3766.6,Champions
17174,59.9,1,59.9,59.9,Lost Customers
17175,1443.69,4,360.9225,1443.69,Loyal Customers
17176,306.13,1,306.13,306.13,Lost Customers
17179,711.79,3,237.26333333333332,711.79,At Risk
17180,796.03,4,199.0075,796.03,Loyal Customers
17181,239.92000000000002,2,119.96000000000001,239.92000000000002,At Risk
17183,3347.31,6,557.885,3347.31,Champions
17186,144.0,2,72.0,144.0,At Risk
17187,203.95,1,203.95,203.95,Lost Customers
17188,2474.23,7,353.4614285714286,2474.23,Champions
17189,384.40000000000003,2,192.20000000000002,384.40000000000003,At Risk
17190,444.74,2,222.37,444.74,At Risk
17191,2095.13,7,299.30428571428575,2095.13,Champions
17193,1699.3000000000002,7,242.7571428571429,1699.3000000000002,Loyal Customers
17194,262.62,2,131.31,262.62,At Risk
17197,1013.01,1,1013.01,1013.01,Potential Loyalists
17198,692.22,3,230.74,692.22,Loyal Customers
17201,342.63,1,342.63,342.63,Hibernating
17203,3563.85,6,593.975,3563.8500000000004,Loyal Customers
17204,1564.56,4,391.14,1564.56,Can't Lose Them
17205,384.08,1,384.08,384.08,Hibernating
17206,204.24,1,204.24,204.24,Hibernating
17211,2317.2200000000003,8,289.65250000000003,2317.2200000000003,Champions
17212,226.85,1,226.85,226.85,Lost Customers
17213,2781.23,7,397.31857142857143,2781.23,Loyal Customers
17214,1069.1200000000001,6,178.1866666666667,1069.1200000000001,Loyal Customers
17217,113.5,1,113.5,113.5,Lost Customers
17218,1960.72,10,196.072,1960.72,Champions
17219,114.23,1,114.23,114.23,Potential Loyalists
17220,3198.25,14,228.44642857142858,3198.25,Champions
17221,335.13,2,167.565,335.13,Potential Loyalists
17222,354.15,1,354.15,354.15,Hibernating
17223,426.79,2,213.395,426.79,At Risk
17226,393.49,1,393.49,393.49,Lost Customers
17227,939.32,6,156.55333333333334,939.32,Loyal Customers
17228,1906.09,8,238.26125,1906.09,Champions
17229,318.76,2,159.38,318.76,At Risk
17230,3638.41,8,454.80125,3638.41,Can't Lose Them
17231,3174.32,10,317.432,3174.32,Champions
17232,421.52,2,210.76,421.52,Potential Loyalists
17233,190.88,1,190.88,190.88,Hibernating
17234,149.89000000000001,1,149.89000000000001,149.89000000000001,Lost Customers
17235,550.06,2,275.03,550.06,Loyal Customers
17236,916.13,6,152.68833333333333,916.13,Loyal Customers
17237,314.69,2,157.345,314.69,Potential Loyalists
17238,3744.65,17,220.2735294117647,3744.65,Champions
17239,382.5,1,382.5,382.5,Lost Customers
17242,1135.04,2,567.52,1135.04,At Risk
17243,8676.85,26,333.725,8676.85,Champions
17244,954.9,1,954.9,954.9,Hibernating
17245,171.45,1,171.45,171.45,Lost Customers
17247,282.19,1,282.19,282.19,Potential Loyalists
17248,318.65,1,318.65,318.65,Lost Customers
17250,384.52,2,192.26,384.52,Potential Loyalists
17251,283.28000000000003,1,283.28000000000003,283.28000000000003,Lost Customers
17252,353.86,2,176.93,353.86,At Risk
17253,178.26,1,178.26,178.26,Potential Loyalists
17254,272.44,2,136.22,272.44,Potential Loyalists
17255,298.41,2,149.205,298.41,At Risk
17256,240.0,2,120.0,240.0,At Risk
17259,603.37,2,301.685,603.37,At Risk
17262,1253.3600000000001,5,250.67200000000003,1253.3600000000001,Loyal Customers
17263,63.440000000000005,1,63.440000000000005,63.440000000000005,Lost Customers
17265,562.9,2,281.45,562.9,At Risk
17266,310.64,3,103.54666666666667,310.64,Potential Loyalists
17267,317.62,2,158.81,317.62,At Risk
17268,763.64,4,190.91,763.64,At Risk
17272,2148.63,4,537.1575,2148.63,Loyal Customers
17274,111.97999999999999,1,111.97999999999999,111.97999999999999,Hibernating
17277,1065.3500000000001,2,532.6750000000001,1065.3500000000001,At Risk
17278,246.04,1,246.04,246.04,Lost Customers
17279,187.82999999999998,1,187.82999999999998,187.82999999999998,Hibernating
17282,1703.41,3,567.8033333333334,1703.4100000000003,Can't Lose Them
17284,1652.58,6,275.43,1652.58,Loyal Customers
17286,153.92,1,153.92,153.92,Potential Loyalists
17287,1064.11,7,152.01571428571427,1064.11,Champions
17288,1419.73,7,202.81857142857143,1419.73,Champions
17289,944.41,3,314.80333333333334,944.4100000000001,Champions
17290,525.24,2,262.62,525.24,Loyal Customers
17291,550.8000000000001,1,550.8000000000001,550.8000000000001,Hibernating
17293,1875.1100000000001,9,208.34555555555556,1875.1100000000001,Champions
17295,556.95,3,185.65,556.95,Loyal Customers
17297,131.78,1,131.78,131.78,Potential Loyalists
17298,498.42,2,249.21,498.42,At Risk
17299,669.11,4,167.2775,669.11,Loyal Customers
17301,197.63,1,197.63,197.63,Potential Loyalists
17302,1135.63,5,227.12600000000003,1135.63,Champions
17303,250.04,1,250.04,250.04,Lost Customers
17306,8631.31,19,454.2794736842105,8631.31,Champions
17309,82.75,1,82.75,82.75,Lost Customers
17311,1384.85,2,692.425,1384.85,At Risk
17312,644.3,3,214.76666666666665,644.3,At Risk
17313,2328.84,1,2328.84,2328.84,Potential Loyalists
17314,2527.92,8,315.99,2527.92,Champions
17315,6292.26,38,165.58578947368423,6292.260000000001,Champions
17317,2600.34,3,866.7800000000001,2600.34,Loyal Customers
17320,1200.6200000000001,3,400.2066666666667,1200.6200000000001,Can't Lose Them
17321,700.86,2,350.43,700.86,Loyal Customers
17323,921.07,7,131.58142857142857,921.07,Loyal Customers
17324,990.23,4,247.5575,990.23,Champions
17325,96.8,1,96.8,96.8,Lost Customers
17329,523.11,2,261.555,523.11,Loyal Customers
17330,363.9,2,181.95,363.9,Potential Loyalists
17331,175.2,1,175.2,175.2,Lost Customers
17333,494.25,1,494.25,494.25,Hibernating
17334,307.02,2,153.51,307.02,At Risk
17337,2027.8700000000001,4,506.96750000000003,2027.8700000000001,Can't Lose Them
17338,6643.93,8,830.49125,6643.93,Champions
17339,243.36,2,121.68,243.36,At Risk
17340,12353.29,11,1123.0263636363636,12353.289999999999,Champions
17341,781.36,3,260.4533333333333,781.3599999999999,At Risk
17343,193.64,1,193.64,193.64,Lost Customers
17344,160.57,1,160.57,160.57,Hibernating
17345,537.74,4,134.435,537.74,Loyal Customers
17346,2676.56,15,178.43733333333333,2676.56,Champions
17347,228.96,1,228.96,228.96,Lost Customers
17348,1159.52,5,231.904,1159.52,Champions
17349,110.75,1,110.75,110.75,Lost Customers
17350,1286.07,4,321.5175,1286.07,Champions
17351,587.15,3,195.71666666666667,587.15,Loyal Customers
17353,1740.0,2,870.0,1740.0,At Risk
17354,1393.06,1,1393.06,1393.06,Hibernating
17356,178.22,1,178.22,178.22,Lost Customers
17357,388.14,2,194.07,388.14,Potential Loyalists
17358,365.85,2,182.925,365.85,At Risk
17359,127.86,1,127.86,127.86,Potential Loyalists
17360,585.79,3,195.26333333333332,585.79,Loyal Customers
17361,488.2,3,162.73333333333332,488.19999999999993,At Risk
17362,312.23,2,156.115,312.23,At Risk
17364,4481.18,11,407.38000000000005,4481.18,Champions
17365,4801.56,8,600.195,4801.56,Champions
17367,168.4,1,168.4,168.4,Lost Customers
17368,1912.67,8,239.08375,1912.67,Champions
17370,446.18,4,111.545,446.18,At Risk
17371,423.89,3,141.29666666666665,423.89,Potential Loyalists
17372,1342.68,8,167.835,1342.68,Loyal Customers
17373,646.92,4,161.73,646.92,Loyal Customers
17374,495.77,2,247.885,495.77,At Risk
17375,400.1,3,133.36666666666667,400.1,At Risk
17376,203.2,2,101.6,203.2,At Risk
17377,4100.92,20,205.046,4100.92,Champions
17379,404.66,1,404.66,404.66,Potential Loyalists
17381,20275.61,29,699.1589655172414,20275.61,Champions
17382,65.4,1,65.4,65.4,Hibernating
17383,199.29,1,199.29,199.29,Potential Loyalists
17384,336.4,2,168.2,336.4,Potential Loyalists
17385,261.11,1,261.11,261.11,Potential Loyalists
17386,2686.42,6,447.7366666666667,2686.42,Champions
17387,784.11,2,392.055,784.11,Loyal Customers
17388,1259.56,4,314.89,1259.56,Can't Lose Them
17389,31833.68,34,936.2847058823529,31833.68,Champions
17391,508.8,2,254.4,508.8,At Risk
17392,457.91,2,228.955,457.91,At Risk
17394,203.86999999999998,1,203.86999999999998,203.86999999999998,Lost Customers
17396,7330.8,8,916.35,7330.8,Loyal Customers
17397,696.41,2,348.205,696.41,Loyal Customers
17398,653.38,3,217.79333333333332,653.38,At Risk
17400,2129.96,5,425.992,2129.96,Can't Lose Them
17402,2633.85,13,202.60384615384615,2633.85,Champions
17403,281.62,1,281.62,281.62,Hibernating
17404,31906.82,15,2127.1213333333335,31906.820000000003,Champions
17405,1031.41,3,343.80333333333334,1031.41,Champions
17406,2200.42,3,733.4733333333334,2200.42,Can't Lose Them
17408,32.65,1,32.65,32.65,Lost Customers
17409,771.85,2,385.925,771.85,At Risk
17410,1214.72,5,242.94400000000002,1214.72,Champions
17411,778.94,3,259.6466666666667,778.94,Loyal Customers
17412,1258.06,7,179.72285714285712,1258.06,Champions
17414,778.0,2,389.0,778.0,Loyal Customers
17415,507.84,1,507.84,507.84,Hibernating
17416,6893.42,7,984.7742857142857,6893.42,Champions
17418,463.46000000000004,2,231.73000000000002,463.46000000000004,At Risk
17419,4226.57,12,352.21416666666664,4226.57,Champions
17420,598.83,3,199.61,598.83,Loyal Customers
17422,1979.37,6,329.895,1979.37,Champions
17423,698.41,2,349.205,698.41,Loyal Customers
17425,759.17,2,379.585,759.17,Loyal Customers
17426,5037.26,6,839.5433333333334,5037.26,Champions
17427,100.8,1,100.8,100.8,Lost Customers
17428,17256.85,28,616.3160714285714,17256.85,Champions
17429,524.9200000000001,3,174.97333333333336,524.9200000000001,At Risk
17430,265.76,2,132.88,265.76,At Risk
17431,403.3,1,403.3,403.3,Lost Customers
17432,365.76,2,182.88,365.76,Potential Loyalists
17433,303.15999999999997,1,303.15999999999997,303.15999999999997,Lost Customers
17434,2373.82,7,339.1171428571429,2373.82,Champions
17436,216.29999999999998,2,108.14999999999999,216.29999999999998,Potential Loyalists
17438,388.45000000000005,1,388.45000000000005,388.45000000000005,Lost Customers
17440,186.42000000000002,3,62.14000000000001,186.42000000000002,At Risk
17442,2248.56,6,374.76,2248.56,Loyal Customers
17443,534.24,1,534.24,534.24,Hibernating
17444,2940.04,3,980.0133333333333,2940.04,Can't Lose Them
17446,120.9,2,60.45,120.9,At Risk
17447,541.53,2,270.765,541.53,Loyal Customers
17449,2520.86,7,360.1228571428572,2520.86,Champions
17450,194550.79,46,4229.365,194550.78999999998,Champions
17451,1721.4,7,245.91428571428574,1721.4,Champions
17453,486.71999999999997,2,243.35999999999999,486.71999999999997,Potential Loyalists
17454,517.53,4,129.3825,517.53,At Risk
17455,131.7,1,131.7,131.7,Lost Customers
17456,249.86,1,249.86,249.86,Lost Customers
17457,1737.7,5,347.54,1737.7,Can't Lose Them
17458,316.5,1,316.5,316.5,Potential Loyalists
17459,657.3,2,328.65,657.3,Loyal Customers
17460,622.4300000000001,6,103.73833333333334,622.4300000000001,At Risk
17461,757.46,3,252.48666666666668,757.46,Loyal Customers
17462,675.69,2,337.845,675.69,Loyal Customers
17463,1896.41,5,379.28200000000004,1896.4100000000003,Champions
17464,289.96000000000004,1,289.96000000000004,289.96000000000004,Lost Customers
17466,763.28,2,381.64,763.28,Loyal Customers
17468,137.0,2,68.5,137.0,Potential Loyalists
17469,1870.97,5,374.194,1870.97,Champions
17470,1125.07,5,225.01399999999998,1125.07,Loyal Customers
17472,710.29,3,236.76333333333332,710.29,At Risk
17475,194.37,1,194.37,194.37,Lost Customers
17480,511.82,1,511.82,511.82,Hibernating
17481,1255.59,4,313.8975,1255.59,Champions
17483,414.04,3,138.01333333333335,414.0400000000001,At Risk
17486,396.87,1,396.87,396.87,Lost Customers
17489,376.64,2,188.32,376.64,At Risk
17490,2092.32,7,298.90285714285716,2092.32,Champions
17491,3558.87,10,355.887,3558.87,Champions
17492,374.57,1,374.57,374.57,Lost Customers
17495,497.56,2,248.78,497.56,Loyal Customers
17496,271.05,1,271.05,271.05,Lost Customers
17498,272.22,1,272.22,272.22,Lost Customers
17499,622.88,1,622.88,622.88,Hibernating
17500,1138.0,3,379.3333333333333,1138.0,Champions
17501,288.6,2,144.3,288.6,At Risk
17502,689.1,4,172.275,689.1,Loyal Customers
17503,558.96,2,279.48,558.96,Loyal Customers
17504,2997.0299999999997,9,333.00333333333333,2997.0299999999997,Can't Lose Them
17505,1145.84,2,572.92,1145.84,At Risk
17506,302.2,1,302.2,302.2,Lost Customers
17507,605.58,2,302.79,605.58,At Risk
17508,387.31,1,387.31,387.31,Lost Customers
17509,6115.14,8,764.3925,6115.14,Loyal Customers
17510,308.48,1,308.48,308.48,Potential Loyalists
17511,91062.38,31,2937.496129032258,91062.38,Champions
17512,2924.9900000000002,10,292.499,2924.9900000000002,Champions
17513,513.2,1,513.2,513.2,Hibernating
17514,208.65,1,208.65,208.65,Lost Customers
17515,639.02,4,159.755,639.02,Loyal Customers
17516,768.08,5,153.616,768.08,Loyal Customers
17517,153.94,1,153.94,153.94,Lost Customers
17519,1844.02,6,307.33666666666664,1844.02,Champions
17520,546.81,1,546.81,546.81,Hibernating
17521,723.2099999999999,3,241.06999999999996,723.2099999999999,Loyal Customers
17522,1070.71,5,214.142,1070.71,Champions
17523,652.74,4,163.185,652.74,Loyal Customers
17524,145.0,1,145.0,145.0,Lost Customers
17525,422.70000000000005,1,422.70000000000005,422.70000000000005,Lost Customers
17526,1195.8999999999999,4,298.97499999999997,1195.8999999999999,Champions
17527,939.37,4,234.8425,939.37,Loyal Customers
17528,3628.5,8,453.5625,3628.5,Champions
17530,2385.0,10,238.5,2385.0,Champions
17531,296.7,1,296.7,296.7,Lost Customers
17534,223.36,1,223.36,223.36,Hibernating
17535,164.4,1,164.4,164.4,Lost Customers
17536,76.5,1,76.5,76.5,Lost Customers
17537,897.62,2,448.81,897.62,Loyal Customers
17538,98.42,1,98.42,98.42,Potential Loyalists
17540,578.9,2,289.45,578.9,Loyal Customers
17542,170.75,1,170.75,170.75,Lost Customers
17545,645.96,3,215.32000000000002,645.96,Loyal Customers
17548,103.3,1,103.3,103.3,Lost Customers
17549,148.86,2,74.43,148.86,Potential Loyalists
17550,267.16,3,89.05333333333334,267.16,At Risk
17551,306.84,1,306.84,306.84,Lost Customers
17552,930.41,4,232.6025,930.41,Loyal Customers
17553,1487.6,1,1487.6,1487.6,Hibernating
17554,1952.45,5,390.49,1952.45,Champions
17555,483.26,2,241.63,483.26,Potential Loyalists
17556,157.9,1,157.9,157.9,Lost Customers
17557,541.46,3,180.48666666666668,541.46,Loyal Customers
17560,854.95,4,213.7375,854.95,At Risk
17561,167.62,1,167.62,167.62,Potential Loyalists
17562,1122.38,7,160.34,1122.38,Champions
17564,454.01,3,151.33666666666667,454.01,Potential Loyalists
17566,901.21,2,450.605,901.21,Loyal Customers
17567,4331.48,8,541.435,4331.48,Champions
17569,344.14,1,344.14,344.14,Lost Customers
17571,1498.51,4,374.6275,1498.51,Loyal Customers
17572,226.75000000000003,4,56.68750000000001,226.75000000000003,At Risk
17573,380.6,3,126.86666666666667,380.6,Potential Loyalists
17574,185.65,1,185.65,185.65,Lost Customers
17576,3622.68,19,190.66736842105263,3622.68,Champions
17578,143.45999999999998,1,143.45999999999998,143.45999999999998,Lost Customers
17579,448.90000000000003,3,149.63333333333335,448.9000000000001,Potential Loyalists
17580,215.72,3,71.90666666666667,215.72,At Risk
17581,11045.04,25,441.8016,11045.04,Champions
17582,175.27,1,175.27,175.27,Lost Customers
17584,1242.3,2,621.15,1242.3,Loyal Customers
17585,1133.07,4,283.2675,1133.07,Can't Lose Them
17588,1240.2,3,413.40000000000003,1240.2,Can't Lose Them
17589,2404.17,4,601.0425,2404.17,Loyal Customers
17590,1479.22,3,493.0733333333333,1479.22,Champions
17591,2225.9700000000003,7,317.9957142857143,2225.9700000000003,Can't Lose Them
17593,3927.34,5,785.4680000000001,3927.34,Champions
17594,993.18,2,496.59,993.18,At Risk
17595,388.79,2,194.395,388.79,Potential Loyalists
17596,2827.93,7,403.98999999999995,2827.93,Champions
17597,2044.3700000000001,1,2044.3700000000001,2044.3700000000001,Hibernating
17600,161.67000000000002,1,161.67000000000002,161.67000000000002,Potential Loyalists
17601,116.00999999999999,1,116.00999999999999,116.00999999999999,Lost Customers
17602,5102.97,6,850.495,5102.97,Champions
17603,394.72,1,394.72,394.72,Lost Customers
17604,309.36,2,154.68,309.36,At Risk
17608,193.42,2,96.71,193.42,At Risk
17609,1112.22,5,222.44400000000002,1112.22,Loyal Customers
17611,3984.22,15,265.61466666666666,3984.22,Champions
17612,2048.45,6,341.4083333333333,2048.45,Loyal Customers
17613,4559.150000000001,14,325.65357142857147,4559.150000000001,Champions
17614,390.07,1,390.07,390.07,Hibernating
17615,329.6,3,109.86666666666667,329.6,At Risk
17616,571.1999999999999,3,190.39999999999998,571.1999999999999,At Risk
17618,971.58,3,323.86,971.58,Champions
17619,218.52,1,218.52,218.52,Lost Customers
17620,81.44,1,81.44,81.44,Hibernating
17621,1379.9,3,459.9666666666667,1379.9,Champions
17623,527.0500000000001,1,527.0500000000001,527.0500000000001,Hibernating
17624,843.48,2,421.74,843.48,Loyal Customers
17625,2047.0,4,511.75,2047.0,Champions
17628,75.75,1,75.75,75.75,Lost Customers
17629,1814.12,8,226.765,1814.12,Champions
17630,503.59999999999997,2,251.79999999999998,503.59999999999997,At Risk
17631,528.33,3,176.11,528.33,Loyal Customers
17633,1324.84,4,331.21,1324.84,Champions
17634,2361.9700000000003,9,262.4411111111111,2361.9700000000003,Loyal Customers
17636,285.56,1,285.56,285.56,Potential Loyalists
17637,547.0600000000001,2,273.53000000000003,547.0600000000001,Loyal Customers
17639,108.5,1,108.5,108.5,Lost Customers
17640,621.66,1,621.66,621.66,Hibernating
17642,712.29,2,356.145,712.29,At Risk
17643,101.55,1,101.55,101.55,Lost Customers
17644,2895.64,11,263.24,2895.6400000000003,Champions
17646,1008.39,3,336.13,1008.39,Can't Lose Them
17647,133.06,1,133.06,133.06,Hibernating
17648,1797.5,4,449.375,1797.5,Loyal Customers
17649,868.49,1,868.49,868.49,Hibernating
17650,166.08,1,166.08,166.08,Potential Loyalists
17651,3945.0,10,394.5,3945.0,Champions
17652,4867.72,12,405.6433333333334,4867.72,Champions
17653,1207.56,4,301.89,1207.56,Loyal Customers
17654,117.55,1,117.55,117.55,Lost Customers
17655,2638.94,7,376.99142857142857,2638.94,Champions
17656,1674.69,5,334.938,1674.69,Can't Lose Them
17658,595.42,2,297.71,595.42,Loyal Customers
17659,2999.46,12,249.955,2999.46,Champions
17660,196.0,1,196.0,196.0,Lost Customers
17663,1802.91,7,257.55857142857144,1802.91,Champions
17664,604.64,2,302.32,604.64,Loyal Customers
17666,728.16,2,364.08,728.16,Loyal Customers
17667,2055.51,5,411.10200000000003,2055.51,Loyal Customers
17668,347.75,2,173.875,347.75,Potential Loyalists
17669,3406.7200000000003,7,486.67428571428576,3406.7200000000003,Loyal Customers
17670,205.7,1,205.7,205.7,Lost Customers
17671,1572.71,4,393.1775,1572.71,Champions
17672,3178.17,2,1589.085,3178.17,Loyal Customers
17673,1629.12,6,271.52,1629.12,Champions
17674,551.04,2,275.52,551.04,At Risk
17675,20374.28,31,657.2348387096774,20374.28,Champions
17676,1387.68,6,231.28,1387.68,Champions
17677,16363.23,30,545.441,16363.230000000001,Champions
17678,298.11,1,298.11,298.11,Lost Customers
17679,1992.1100000000001,2,996.0550000000001,1992.1100000000001,Loyal Customers
17680,184.4,1,184.4,184.4,Potential Loyalists
17682,2474.33,6,412.3883333333333,2474.33,Champions
17684,239.41,1,239.41,239.41,Hibernating
17685,3191.53,7,455.9328571428572,3191.53,Champions
17686,5739.46,7,819.9228571428572,5739.46,Champions
17690,4757.95,15,317.19666666666666,4757.95,Champions
17691,290.40000000000003,2,145.20000000000002,290.40000000000003,At Risk
17692,740.9399999999999,4,185.23499999999999,740.9399999999999,At Risk
17693,200.47,1,200.47,200.47,Lost Customers
17694,283.12,1,283.12,283.12,Lost Customers
17695,765.34,2,382.67,765.34,At Risk
17696,2285.71,8,285.71375,2285.71,Loyal Customers
17697,338.95,1,338.95,338.95,Lost Customers
17698,154.95,1,154.95,154.95,Lost Customers
17700,2534.64,4,633.66,2534.64,Champions
17701,417.95,1,417.95,417.95,Lost Customers
17702,1824.37,4,456.0925,1824.37,Champions
17703,798.74,3,266.24666666666667,798.74,Loyal Customers
17704,885.19,2,442.595,885.19,At Risk
17705,1823.52,9,202.61333333333334,1823.52,Champions
17706,10504.49,17,617.9111764705882,10504.49,Champions
17707,152.4,2,76.2,152.4,At Risk
17708,267.08,2,133.54,267.08,At Risk
17709,137.45,1,137.45,137.45,Lost Customers
17711,385.1,2,192.55,385.1,Potential Loyalists
17712,522.91,1,522.91,522.91,Hibernating
17714,153.0,1,153.0,153.0,Lost Customers
17715,326.4,1,326.4,326.4,Lost Customers
17716,5655.99,11,514.180909090909,5655.99,Champions
17718,139.35,1,139.35,139.35,Lost Customers
17719,5396.04,15,359.736,5396.04,Loyal Customers
17720,1195.94,4,298.985,1195.94,Champions
17722,2424.04,4,606.01,2424.04,Can't Lose Them
17723,3276.4000000000005,6,546.0666666666667,3276.4000000000005,Can't Lose Them
17724,1033.0,3,344.3333333333333,1033.0,Loyal Customers
17725,3439.08,11,312.64363636363635,3439.08,Champions
17727,1060.25,1,1060.25,1060.25,Potential Loyalists
17728,2876.01,3,958.6700000000001,2876.01,Champions
17730,5298.4800000000005,13,407.5753846153847,5298.4800000000005,Champions
17731,1240.11,4,310.0275,1240.11,Can't Lose Them
17732,303.97,1,303.97,303.97,Lost Customers
17733,692.19,2,346.095,692.19,Loyal Customers
17734,700.63,3,233.54333333333332,700.63,Loyal Customers
17735,13110.02,19,690.001052631579,13110.02,Champions
17736,377.44,3,125.81333333333333,377.44,Potential Loyalists
17737,168.24,2,84.12,168.24,Potential Loyalists
17738,1879.05,4,469.7625,1879.05,Champions
17739,2791.35,7,398.7642857142857,2791.35,Champions
17742,355.11,2,177.555,355.11,At Risk
17744,2322.4,6,387.06666666666666,2322.4,Champions
17746,110.25,1,110.25,110.25,Lost Customers
17747,71.4,1,71.4,71.4,Lost Customers
17749,674.52,2,337.26,674.52,At Risk
17750,1797.57,9,199.73,1797.57,Champions
17752,80.64,1,80.64,80.64,Lost Customers
17754,1772.26,5,354.452,1772.26,Champions
17757,5605.29,30,186.843,5605.29,Champions
17758,3456.7000000000003,8,432.08750000000003,3456.7000000000003,Champions
17759,834.99,3,278.33,834.99,Loyal Customers
17760,287.59,2,143.795,287.59,Potential Loyalists
17761,712.78,1,712.78,712.78,Hibernating
17763,15.0,1,15.0,15.0,Lost Customers
17764,818.8199999999999,2,409.40999999999997,818.8199999999999,Loyal Customers
17765,371.88,3,123.96,371.88,At Risk
17767,271.2,1,271.2,271.2,Potential Loyalists
17768,2273.1800000000003,3,757.7266666666668,2273.1800000000003,Champions
17769,3997.98,10,399.798,3997.98,Champions
17770,1143.27,5,228.654,1143.27,Can't Lose Them
17771,245.81,2,122.905,245.81,At Risk
17772,182.77,2,91.385,182.77,Potential Loyalists
17774,1225.41,4,306.3525,1225.41,Can't Lose Them
17775,56.4,1,56.4,56.4,Lost Customers
17777,665.86,3,221.95333333333335,665.86,Loyal Customers
17779,658.57,3,219.52333333333334,658.57,Loyal Customers
17781,188.02,2,94.01,188.02,At Risk
17783,283.47,2,141.735,283.47,At Risk
17785,131.94,1,131.94,131.94,Hibernating
17786,278.74,2,139.37,278.74,At Risk
17787,1865.19,4,466.2975,1865.19,Can't Lose Them
17788,1117.9,2,558.95,1117.9,At Risk
17789,225.9,1,225.9,225.9,Lost Customers
17790,1965.55,14,140.39642857142857,1965.55,Champions
17791,106.1,1,106.1,106.1,Potential Loyalists
17793,323.04,1,323.04,323.04,Potential Loyalists
17795,350.39,2,175.195,350.39,At Risk
17796,697.9,4,174.475,697.9,Loyal Customers
17797,780.43,3,260.1433333333333,780.43,Loyal Customers
17799,3055.93,10,305.59299999999996,3055.9299999999994,Champions
17800,1199.01,9,133.22333333333333,1199.01,Loyal Customers
17802,1285.04,3,428.34666666666664,1285.04,Can't Lose Them
17805,512.31,1,512.31,512.31,Hibernating
17806,546.04,1,546.04,546.04,Potential Loyalists
17809,5411.91,12,450.9925,5411.91,Champions
17811,7837.7300000000005,39,200.9674358974359,7837.7300000000005,Champions
17812,732.16,4,183.04,732.16,Loyal Customers
17813,1770.8799999999999,5,354.176,1770.8799999999999,Champions
17816,36.56,4,9.14,36.56,At Risk
17817,387.68,3,129.22666666666666,387.67999999999995,Potential Loyalists
17819,3704.87,7,529.2671428571429,3704.87,Can't Lose Them
17824,298.4,1,298.4,298.4,Hibernating
17827,1995.46,5,399.092,1995.46,Champions
17828,1820.09,4,455.0225,1820.09,Champions
17829,889.24,1,889.24,889.24,Hibernating
17830,398.7,3,132.9,398.70000000000005,Potential Loyalists
17831,35.400000000000006,1,35.400000000000006,35.400000000000006,Hibernating
17832,155.37,1,155.37,155.37,Hibernating
17835,350.64,3,116.88,350.64,Potential Loyalists
17836,110.21000000000001,1,110.21000000000001,110.21000000000001,Hibernating
17837,1593.38,8,199.1725,1593.38,Loyal Customers
17838,2779.3,5,555.86,2779.3,Champions
17839,338.8,1,338.8,338.8,Hibernating
17841,40991.57,124,330.5771774193548,40991.57,Champions
17843,205.48,1,205.48,205.48,Lost Customers
17844,51.559999999999995,1,51.559999999999995,51.559999999999995,Lost Customers
17846,2033.1,1,2033.1,2033.1,Hibernating
17848,901.1999999999999,9,100.13333333333333,901.1999999999999,At Risk
17849,605.8000000000001,4,151.45000000000002,605.8000000000001,At Risk
17850,5391.21,34,158.565,5391.21,Can't Lose Them
17852,114.34,2,57.17,114.34,Potential Loyalists
17854,311.26,2,155.63,311.26,At Risk
17855,208.97,1,208.97,208.97,Lost Customers
17856,1418.03,4,354.5075,1418.03,Champions
17857,26879.04,23,1168.6539130434783,26879.04,Champions
17858,5155.66,12,429.6383333333333,5155.66,Champions
17859,148.21,1,148.21,148.21,Lost Customers
17860,252.8,1,252.8,252.8,Lost Customers
17861,2100.8,8,262.6,2100.8,Champions
17862,330.9,1,330.9,330.9,Lost Customers
17863,3160.0,6,526.6666666666666,3160.0,Loyal Customers
17864,597.5,3,199.16666666666666,597.5,Loyal Customers
17865,10526.32,20,526.316,10526.32,Champions
17866,329.65,1,329.65,329.65,Lost Customers
17867,1197.1000000000001,6,199.51666666666668,1197.1000000000001,Champions
17869,428.18,5,85.636,428.17999999999995,At Risk
17870,1894.35,12,157.86249999999998,1894.35,Champions
17871,155.9,1,155.9,155.9,Lost Customers
17873,1859.16,5,371.832,1859.1599999999999,Can't Lose Them
17874,683.46,6,113.91000000000001,683.46,At Risk
17877,237.61,1,237.61,237.61,Lost Customers
17878,379.45,1,379.45,379.45,Hibernating
17879,178.51999999999998,1,178.51999999999998,178.51999999999998,Lost Customers
17880,458.92,1,458.92,458.92,Lost Customers
17881,133.35000000000002,1,133.35000000000002,133.35000000000002,Lost Customers
17883,671.77,4,167.9425,671.77,Loyal Customers
17884,717.45,4,179.3625,717.45,Loyal Customers
17885,190.19,1,190.19,190.19,Potential Loyalists
17886,899.61,3,299.87,899.61,Loyal Customers
17887,111.35,1,111.35,111.35,Lost Customers
17888,726.05,8,90.75625,726.05,Loyal Customers
17889,203.87,2,101.935,203.87,At Risk
17890,602.09,2,301.045,602.09,At Risk
17891,203.85999999999999,1,203.85999999999999,203.85999999999999,Lost Customers
17892,244.1,3,81.36666666666666,244.09999999999997,At Risk
17893,112.25,1,112.25,112.25,Lost Customers
17894,1119.81,8,139.97625,1119.81,Can't Lose Them
17895,98.0,1,98.0,98.0,Hibernating
17896,256.32,1,256.32,256.32,Potential Loyalists
17897,566.6,3,188.86666666666667,566.6,At Risk
17898,152.06,2,76.03,152.06,At Risk
17899,155.8,1,155.8,155.8,Lost Customers
17900,112.19999999999999,2,56.099999999999994,112.19999999999999,At Risk
17901,110.38,1,110.38,110.38,Potential Loyalists
17904,191.67,1,191.67,191.67,Potential Loyalists
17905,800.24,4,200.06,800.24,Loyal Customers
17906,72.9,1,72.9,72.9,Lost Customers
17908,243.28,1,243.28,243.28,Lost Customers
17911,366.23,1,366.23,366.23,Potential Loyalists
17912,311.01,5,62.202,311.01,At Risk
17913,411.6,2,205.8,411.6,At Risk
17914,336.43,1,336.43,336.43,Potential Loyalists
17917,341.28,3,113.75999999999999,341.28,At Risk
17919,1304.04,1,1304.04,1304.04,Hibernating
17920,4204.1,17,247.3,4204.1,Champions
17921,826.52,4,206.63,826.52,Loyal Customers
17923,207.50000000000003,1,207.50000000000003,207.50000000000003,Lost Customers
17924,2962.5,7,423.2142857142857,2962.5,Champions
17925,244.08,1,244.08,244.08,Lost Customers
17926,397.29,2,198.645,397.29,At Risk
17928,212.54,2,106.27,212.54,At Risk
17929,843.0,4,210.75,843.0,Loyal Customers
17930,1740.48,5,348.096,1740.48,Loyal Customers
17931,408.36,2,204.18,408.36,At Risk
17932,1331.57,3,443.8566666666666,1331.57,Champions
17934,704.25,2,352.125,704.25,Loyal Customers
17935,145.79,2,72.895,145.79,At Risk
17936,389.84,1,389.84,389.84,Potential Loyalists
17937,4301.22,7,614.46,4301.22,Champions
17939,99.14,1,99.14,99.14,Lost Customers
17940,4106.4400000000005,10,410.64400000000006,4106.4400000000005,Loyal Customers
17941,304.56,1,304.56,304.56,Lost Customers
17942,77.50000000000001,1,77.50000000000001,77.50000000000001,Potential Loyalists
17946,149.57999999999998,2,74.78999999999999,149.57999999999998,At Risk
17947,176.68,1,176.68,176.68,Hibernating
17948,358.56000000000006,1,358.56000000000006,358.56000000000006,Lost Customers
17949,58510.48,45,1300.232888888889,58510.48,Champions
17950,482.2,3,160.73333333333332,482.19999999999993,At Risk
17951,1008.5400000000001,3,336.18,1008.54,Loyal Customers
17954,2332.72,12,194.39333333333332,2332.72,Champions
17955,557.3,4,139.325,557.3,At Risk
17956,12.75,1,12.75,12.75,Lost Customers
17957,111.68,1,111.68,111.68,Hibernating
17958,508.4599999999999,1,508.4599999999999,508.4599999999999,Hibernating
17960,73.78,1,73.78,73.78,Lost Customers
17961,1296.44,39,33.242051282051285,1296.44,Champions
17962,102.83,1,102.83,102.83,Lost Customers
17964,471.7,2,235.85,471.7,Potential Loyalists
17965,2622.57,14,187.32642857142858,2622.57,Loyal Customers
17966,1098.43,5,219.686,1098.43,Loyal Customers
17967,123.07,1,123.07,123.07,Lost Customers
17968,277.35,1,277.35,277.35,Lost Customers
17969,228.2,2,114.1,228.2,At Risk
17970,582.59,1,582.59,582.59,Hibernating
17972,136.04,1,136.04,136.04,Lost Customers
17973,337.04,1,337.04,337.04,Hibernating
17974,740.79,3,246.92999999999998,740.79,Loyal Customers
17975,4488.81,13,345.29307692307697,4488.81,Champions
17976,353.19,1,353.19,353.19,Lost Customers
17977,288.14,1,288.14,288.14,Potential Loyalists
17978,300.91999999999996,1,300.91999999999996,300.91999999999996,Lost Customers
17979,757.71,4,189.4275,757.71,Loyal Customers
17980,811.45,3,270.48333333333335,811.45,At Risk
17984,152.68,1,152.68,152.68,Lost Customers
17985,634.95,1,634.95,634.95,Potential Loyalists
17986,20.8,1,20.8,20.8,Hibernating
17987,198.57,1,198.57,198.57,Lost Customers
17988,201.12,7,28.731428571428573,201.12,Potential Loyalists
17990,630.84,3,210.28,630.84,At Risk
17991,93.35,2,46.675,93.35,At Risk
17994,678.49,4,169.6225,678.49,At Risk
17995,76.1,1,76.1,76.1,Lost Customers
17997,1970.6699999999998,8,246.33374999999998,1970.6699999999998,Can't Lose Them
17999,382.06,2,191.03,382.06,At Risk
18001,417.23,2,208.615,417.23,Potential Loyalists
18004,169.47,1,169.47,169.47,Lost Customers
18005,249.72,2,124.86,249.72,Potential Loyalists
18006,444.68,1,444.68,444.68,Potential Loyalists
18008,2116.19,9,235.13222222222223,2116.19,Loyal Customers
18009,257.34,1,257.34,257.34,Lost Customers
18010,174.8,1,174.8,174.8,Lost Customers
18011,102.78999999999999,1,102.78999999999999,102.78999999999999,Lost Customers
18013,187.29,2,93.645,187.29,At Risk
18014,166.42,1,166.42,166.42,Potential Loyalists
18015,120.03,1,120.03,120.03,Potential Loyalists
18016,1483.56,5,296.712,1483.56,Champions
18017,523.0,3,174.33333333333334,523.0,At Risk
18018,122.14,2,61.07,122.14,At Risk
18019,38.45,1,38.45,38.45,Hibernating
18022,668.11,1,668.11,668.11,Hibernating
18024,389.78,2,194.89,389.78,At Risk
18027,115.31,1,115.31,115.31,Lost Customers
18030,230.64999999999998,2,115.32499999999999,230.64999999999998,Potential Loyalists
18032,73.5,1,73.5,73.5,Lost Customers
18033,97.97,1,97.97,97.97,Hibernating
18034,422.88,2,211.44,422.88,Potential Loyalists
18035,730.4,3,243.46666666666667,730.4,Loyal Customers
18036,405.62,3,135.20666666666668,405.62,Potential Loyalists
18037,70.02,6,11.67,70.02,At Risk
18040,357.20000000000005,2,178.60000000000002,357.20000000000005,Potential Loyalists
18041,4183.39,21,199.20904761904762,4183.39,Champions
18042,165.04999999999998,1,165.04999999999998,165.04999999999998,Hibernating
18043,559.51,3,186.50333333333333,559.51,Loyal Customers
18044,2088.6,10,208.85999999999999,2088.6,Champions
18045,189.4,1,189.4,189.4,Hibernating
18048,172.29000000000002,2,86.14500000000001,172.29000000000002,At Risk
18050,74.4,1,74.4,74.4,Lost Customers
18053,300.02,1,300.02,300.02,Hibernating
18055,6784.1900000000005,10,678.4190000000001,6784.1900000000005,Champions
18056,363.65,1,363.65,363.65,Lost Customers
18058,170.16,1,170.16,170.16,Potential Loyalists
18059,306.46,3,102.15333333333332,306.46,Potential Loyalists
18061,2119.41,10,211.94099999999997,2119.41,Champions
18062,720.52,3,240.17333333333332,720.52,At Risk
18064,814.0,2,407.0,814.0,At Risk
18065,2392.83,14,170.91642857142855,2392.83,Champions
18066,318.0,1,318.0,318.0,Lost Customers
18067,396.33,1,396.33,396.33,Hibernating
18068,101.69999999999999,1,101.69999999999999,101.69999999999999,Lost Customers
18069,2036.67,5,407.334,2036.67,Champions
18071,453.0,2,226.5,453.0,At Risk
18072,247.44,1,247.44,247.44,Lost Customers
18073,3877.5200000000004,12,323.1266666666667,3877.5200000000004,Can't Lose Them
18074,489.6,1,489.6,489.6,Lost Customers
18075,2611.75,10,261.175,2611.75,Champions
18077,2633.0099999999998,11,239.36454545454544,2633.0099999999998,Champions
18078,336.13,2,168.065,336.13,At Risk
18079,3651.97,4,912.9925,3651.97,Loyal Customers
18080,1231.5,2,615.75,1231.5,Loyal Customers
18081,343.45,3,114.48333333333333,343.45,At Risk
18082,703.37,1,703.37,703.37,Potential Loyalists
18084,90.47999999999999,1,90.47999999999999,90.47999999999999,Potential Loyalists
18085,689.95,2,344.975,689.95,At Risk
18086,101.34,1,101.34,101.34,Lost Customers
18087,4055.7199999999993,2,2027.8599999999997,4055.7199999999993,At Risk
18088,167.67000000000002,1,167.67000000000002,167.67000000000002,Hibernating
18092,9068.26,11,824.3872727272727,9068.26,Champions
18093,2106.52,4,526.63,2106.52,Can't Lose Them
18094,3017.3,7,431.04285714285714,3017.3,Can't Lose Them
18095,580.0500000000001,2,290.02500000000003,580.0500000000001,At Risk
18096,911.15,3,303.71666666666664,911.1499999999999,Loyal Customers
18097,2697.8,6,449.6333333333334,2697.8,Champions
18099,168.31,1,168.31,168.31,Lost Customers
18101,223.65,2,111.825,223.65,Potential Loyalists
18102,259657.3,60,4327.621666666667,259657.30000000002,Champions
18104,754.64,1,754.64,754.64,Hibernating
18105,113.48000000000002,1,113.48000000000002,113.48000000000002,Hibernating
18106,430.7,1,430.7,430.7,Lost Customers
18108,271.0,1,271.0,271.0,Lost Customers
18109,8052.97,26,309.7296153846154,8052.97,Champions
18110,236.3,1,236.3,236.3,Potential Loyalists
18112,352.69,2,176.345,352.69,Potential Loyalists
18113,76.32000000000001,1,76.32000000000001,76.32000000000001,Lost Customers
18114,220.1,1,220.1,220.1,Lost Customers
18116,1418.03,8,177.25375,1418.03,Loyal Customers
18117,320.72,1,320.72,320.72,Potential Loyalists
18118,5653.82,26,217.45461538461538,5653.82,Champions
18119,181.12,1,181.12,181.12,Lost Customers
18120,111.15,1,111.15,111.15,Lost Customers
18121,673.1,2,336.55,673.1,At Risk
18122,1826.21,6,304.36833333333334,1826.21,Champions
18123,589.4399999999999,2,294.71999999999997,589.4399999999999,Loyal Customers
18125,1142.99,4,285.7475,1142.99,Champions
18126,206.82999999999998,1,206.82999999999998,206.82999999999998,Hibernating
18127,348.73,3,116.24333333333334,348.73,Potential Loyalists
18129,112.55000000000001,1,112.55000000000001,112.55000000000001,Lost Customers
18130,1059.39,3,353.13000000000005,1059.39,Champions
18133,931.4999999999999,1,931.4999999999999,931.4999999999999,Hibernating
18135,681.9100000000001,5,136.382,681.9100000000001,Loyal Customers
18136,784.33,3,261.4433333333333,784.3299999999999,Loyal Customers
18138,152.65,1,152.65,152.65,Lost Customers
18139,8438.34,6,1406.39,8438.34,Champions
18142,1019.52,2,509.76,1019.52,At Risk
18143,1000.16,2,500.08,1000.16,At Risk
18144,2888.75,12,240.72916666666666,2888.75,Champions
18145,2861.55,4,715.3875,2861.55,Champions
18146,160.35000000000002,2,80.17500000000001,160.35000000000002,At Risk
18147,179.33999999999997,2,89.66999999999999,179.33999999999997,At Risk
18149,612.0799999999999,3,204.02666666666664,612.0799999999999,Loyal Customers
18150,566.58,3,188.86,566.58,Loyal Customers
18151,653.35,2,326.675,653.35,At Risk
18154,399.19,2,199.595,399.19,Potential Loyalists
18155,371.62,3,123.87333333333333,371.62,At Risk
18156,734.94,2,367.47,734.94,Loyal Customers
18158,453.4,2,226.7,453.4,Potential Loyalists
18159,530.15,1,530.15,530.15,Hibernating
18160,638.0600000000001,2,319.03000000000003,638.0600000000001,Loyal Customers
18161,1618.69,5,323.738,1618.69,Champions
18164,399.65000000000003,1,399.65000000000003,399.65000000000003,Hibernating
18165,302.46000000000004,1,302.46000000000004,302.46000000000004,Lost Customers
18167,1384.8600000000001,3,461.62000000000006,1384.8600000000001,Champions
18168,1169.94,6,194.99,1169.94,Can't Lose Them
18169,202.65,1,202.65,202.65,Hibernating
18170,980.31,3,326.77,980.31,Loyal Customers
18171,1231.31,5,246.262,1231.31,Loyal Customers
18172,7561.68,20,378.084,7561.68,Champions
18173,2106.84,4,526.71,2106.84,Can't Lose Them
18174,104.0,1,104.0,104.0,Potential Loyalists
18176,476.35,1,476.35,476.35,Lost Customers
18177,1341.42,6,223.57000000000002,1341.42,Champions
18178,1590.81,4,397.7025,1590.81,Can't Lose Them
18179,1793.17,6,298.8616666666667,1793.17,Champions
18180,1843.75,6,307.2916666666667,1843.75,Champions
18181,382.8,1,382.8,382.8,Potential Loyalists
18183,632.07,2,316.035,632.07,At Risk
18184,49.8,1,49.8,49.8,Potential Loyalists
18185,304.25,1,304.25,304.25,Lost Customers
18188,2001.04,3,667.0133333333333,2001.04,Champions
18189,1090.24,2,545.12,1090.24,At Risk
18190,284.46000000000004,2,142.23000000000002,284.46000000000004,At Risk
18191,207.79999999999998,1,207.79999999999998,207.79999999999998,Lost Customers
18192,957.97,1,957.97,957.97,Hibernating
18193,243.76,1,243.76,243.76,Lost Customers
18194,973.8399999999999,1,973.8399999999999,973.8399999999999,Hibernating
18196,689.13,2,344.565,689.13,At Risk
18198,5425.56,17,319.15058823529415,5425.56,Champions
18200,163.8,1,163.8,163.8,Lost Customers
18202,1396.99,3,465.66333333333336,1396.99,Can't Lose Them
18203,160.42000000000002,1,160.42000000000002,160.42000000000002,Lost Customers
18204,1993.7,3,664.5666666666667,1993.7000000000003,Loyal Customers
18205,517.36,2,258.68,517.36,Loyal Customers
18209,139.10000000000002,1,139.10000000000002,139.10000000000002,Potential Loyalists
18210,2621.38,6,436.8966666666667,2621.38,Champions
18211,600.07,5,120.01400000000001,600.07,Loyal Customers
18212,248.42,1,248.42,248.42,Lost Customers
18213,232.48000000000002,1,232.48000000000002,232.48000000000002,Lost Customers
18215,299.34000000000003,1,299.34000000000003,299.34000000000003,Lost Customers
18216,481.75,1,481.75,481.75,Potential Loyalists
18217,621.75,2,310.875,621.75,Loyal Customers
18218,662.08,2,331.04,662.08,At Risk
18219,2069.77,10,206.977,2069.77,Champions
18220,305.28000000000003,1,305.28000000000003,305.28000000000003,Lost Customers
18221,1041.61,5,208.32199999999997,1041.61,Champions
18222,443.0,1,443.0,443.0,Lost Customers
18223,6484.54,14,463.18142857142857,6484.54,Champions
18224,158.95000000000002,1,158.95000000000002,158.95000000000002,Lost Customers
18225,5509.12,12,459.0933333333333,5509.12,Champions
18226,5228.05,11,475.27727272727276,5228.05,Loyal Customers
18227,93.75,1,93.75,93.75,Lost Customers
18228,779.9,2,389.95,779.9,Loyal Customers
18229,7276.900000000001,20,363.845,7276.900000000001,Champions
18230,2810.2000000000003,7,401.4571428571429,2810.2000000000003,Champions
18231,2083.27,5,416.654,2083.27,Can't Lose Them
18232,592.97,4,148.2425,592.97,At Risk
18233,440.0,1,440.0,440.0,Lost Customers
18235,1796.48,3,598.8266666666667,1796.48,Can't Lose Them
18236,882.24,6,147.04,882.24,Loyal Customers
18237,987.1,5,197.42000000000002,987.1000000000001,Champions
18239,1561.6100000000001,5,312.322,1561.6100000000001,Can't Lose Them
18240,422.58,1,422.58,422.58,Hibernating
18241,2073.09,17,121.9464705882353,2073.09,Champions
18242,2232.4900000000002,4,558.1225000000001,2232.4900000000002,Can't Lose Them
18245,2567.06,7,366.72285714285715,2567.06,Champions
18246,596.1,2,298.05,596.1,Loyal Customers
18248,804.02,2,402.01,804.02,At Risk
18249,95.34,1,95.34,95.34,Potential Loyalists
18250,349.27,1,349.27,349.27,Lost Customers
18251,4314.72,1,4314.72,4314.72,Hibernating
18252,526.67,2,263.335,526.67,Loyal Customers
18255,103.3,1,103.3,103.3,Lost Customers
18257,2337.63,8,292.20375,2337.63,Loyal Customers
18259,2338.6000000000004,3,779.5333333333334,2338.6000000000004,Champions
18260,2643.2000000000003,6,440.53333333333336,2643.2000000000003,Can't Lose Them
18261,324.24,2,162.12,324.24,At Risk
18262,149.48,1,149.48,149.48,Lost Customers
18263,1213.1599999999999,3,404.3866666666666,1213.1599999999999,Champions
18265,801.51,2,400.755,801.51,At Risk
18268,25.5,1,25.5,25.5,Lost Customers
18269,168.6,1,168.6,168.6,Lost Customers
18270,283.15,2,141.575,283.15,At Risk
18272,3078.58,6,513.0966666666667,3078.58,Champions
18273,204.0,3,68.0,204.0,Potential Loyalists
18274,175.92,1,175.92,175.92,Potential Loyalists
18276,335.86,1,335.86,335.86,Hibernating
18277,110.38,1,110.38,110.38,Hibernating
18278,173.9,1,173.9,173.9,Lost Customers
18280,180.60000000000002,1,180.60000000000002,180.60000000000002,Lost Customers
18281,80.82,1,80.82,80.82,Lost Customers
18282,178.05,2,89.025,178.05,Potential Loyalists
18283,2094.88,16,130.93,2094.88,Champions
18287,1837.28,3,612.4266666666666,1837.2799999999997,Loyal Customers
